prompt,q1,q2,q3,q4,q5,q6,o1,o2,o3,o4,o5,o6
Tap water flowing into the sink,流体运动是否真实合理？,,,,,,"-1：没有流体运动,1：完全不真实,2：有一些异常,3：真实合理",,,,,
Stream water flowing around rocks,流体运动是否真实合理？,,,,,,"-1：没有流体运动,1：完全不真实,2：有一些异常,3：真实合理",,,,,
Wave washing onto the beach and retreating,流体运动是否真实合理？,,,,,,"-1：没有流体运动,1：完全不真实,2：有一些异常,3：真实合理",,,,,
Rainwater streaming down a roof edge,流体运动是否真实合理？,,,,,,"-1：没有流体运动,1：完全不真实,2：有一些异常,3：真实合理",,,,,
River current hitting shoreline grass,流体运动是否真实合理？,,,,,,"-1：没有流体运动,1：完全不真实,2：有一些异常,3：真实合理",,,,,
Beer poured into glass forming foam,流体运动是否真实合理？,,,,,,"-1：没有流体运动,1：完全不真实,2：有一些异常,3：真实合理",,,,,
Raindrops dripping from leaf tips,流体运动是否真实合理？,,,,,,"-1：没有流体运动,1：完全不真实,2：有一些异常,3：真实合理",,,,,
Juice in blender swirling and mixing,流体运动是否真实合理？,,,,,,"-1：没有流体运动,1：完全不真实,2：有一些异常,3：真实合理",,,,,
Chocolate sauce slowly pouring over cake,流体运动是否真实合理？,,,,,,"-1：没有流体运动,1：完全不真实,2：有一些异常,3：真实合理",,,,,
Egg mixture spreading quickly in frying pan,流体运动是否真实合理？,,,,,,"-1：没有流体运动,1：完全不真实,2：有一些异常,3：真实合理",,,,,
Milk overflowing rim and running down the glass,流体运动是否真实合理？,,,,,,"-1：没有流体运动,1：完全不真实,2：有一些异常,3：真实合理",,,,,
Ink spreading in a glass of water,流体运动是否真实合理？,,,,,,"-1：没有流体运动,1：完全不真实,2：有一些异常,3：真实合理",,,,,
Food coloring diffusing into clean water,流体运动是否真实合理？,,,,,,"-1：没有流体运动,1：完全不真实,2：有一些异常,3：真实合理",,,,,
Seasoning powder evenly dispersing in soup,流体运动是否真实合理？,,,,,,"-1：没有流体运动,1：完全不真实,2：有一些异常,3：真实合理",,,,,
Oil forming droplets floating on water surface,流体运动是否真实合理？,,,,,,"-1：没有流体运动,1：完全不真实,2：有一些异常,3：真实合理",,,,,
Milk slowly settling and mixing in coffee,流体运动是否真实合理？,,,,,,"-1：没有流体运动,1：完全不真实,2：有一些异常,3：真实合理",,,,,
Sunflower slowly turning toward the sun,渐变（植物生长、气球打气）运动是否真实合理？,,,,,,"-1：没有渐变运动,1：完全不真实,2：有一些异常,3：真实合理",,,,,
Cherry blossoms blooming from buds to full bloom,渐变（植物生长、气球打气）运动是否真实合理？,,,,,,"-1：没有渐变运动,1：完全不真实,2：有一些异常,3：真实合理",,,,,
Mung bean sprouts growing taller from seed,渐变（植物生长、气球打气）运动是否真实合理？,,,,,,"-1：没有渐变运动,1：完全不真实,2：有一些异常,3：真实合理",,,,,
Pine cone slowly opening its scales,渐变（植物生长、气球打气）运动是否真实合理？,,,,,,"-1：没有渐变运动,1：完全不真实,2：有一些异常,3：真实合理",,,,,
Vine tendrils slowly stretching and wrapping,渐变（植物生长、气球打气）运动是否真实合理？,,,,,,"-1：没有渐变运动,1：完全不真实,2：有一些异常,3：真实合理",,,,,
Leaves changing from light green to deep green,渐变（植物生长、气球打气）运动是否真实合理？,,,,,,"-1：没有渐变运动,1：完全不真实,2：有一些异常,3：真实合理",,,,,
Cactus sprouting a new arm,渐变（植物生长、气球打气）运动是否真实合理？,,,,,,"-1：没有渐变运动,1：完全不真实,2：有一些异常,3：真实合理",,,,,
Orchid petals slowly unfolding,渐变（植物生长、气球打气）运动是否真实合理？,,,,,,"-1：没有渐变运动,1：完全不真实,2：有一些异常,3：真实合理",,,,,
Tomato ripening from green to red,渐变（植物生长、气球打气）运动是否真实合理？,,,,,,"-1：没有渐变运动,1：完全不真实,2：有一些异常,3：真实合理",,,,,
Lawn gradually covered by green grass,渐变（植物生长、气球打气）运动是否真实合理？,,,,,,"-1：没有渐变运动,1：完全不真实,2：有一些异常,3：真实合理",,,,,
Metal surface slowly rusting,渐变（植物生长、气球打气）运动是否真实合理？,,,,,,"-1：没有渐变运动,1：完全不真实,2：有一些异常,3：真实合理",,,,,
Wooden door fading in color,渐变（植物生长、气球打气）运动是否真实合理？,,,,,,"-1：没有渐变运动,1：完全不真实,2：有一些异常,3：真实合理",,,,,
Balloon slowly deflating,渐变（植物生长、气球打气）运动是否真实合理？,,,,,,"-1：没有渐变运动,1：完全不真实,2：有一些异常,3：真实合理",,,,,
Fruit in the fridge slowly drying and wrinkling,渐变（植物生长、气球打气）运动是否真实合理？,,,,,,"-1：没有渐变运动,1：完全不真实,2：有一些异常,3：真实合理",,,,,
Dough gradually rising during fermentation,渐变（植物生长、气球打气）运动是否真实合理？,,,,,,"-1：没有渐变运动,1：完全不真实,2：有一些异常,3：真实合理",,,,,
Paint slowly peeling from the wall,渐变（植物生长、气球打气）运动是否真实合理？,,,,,,"-1：没有渐变运动,1：完全不真实,2：有一些异常,3：真实合理",,,,,
"The skier turns smoothly, with a stable posture.",实体运动过程中是否自然不异常扭曲？,,,,,,"-1：视频不存在运动实体,1：画面中的物体或人物发生极端变形，几乎无法识别原貌，严重影响观看体验。,2：扭曲现象较为明显，特别是在高速运动或特定角度下，导致物体或人物形态显著异常。,3：仅在快速移动或复杂背景下出现细微形变，通常难以被注意到。",,,,,
"The robotic arm assembles parts with smooth, jitter-free movements.",实体运动过程中是否自然不异常扭曲？,,,,,,"-1：视频不存在运动实体,1：画面中的物体或人物发生极端变形，几乎无法识别原貌，严重影响观看体验。,2：扭曲现象较为明显，特别是在高速运动或特定角度下，导致物体或人物形态显著异常。,3：仅在快速移动或复杂背景下出现细微形变，通常难以被注意到。",,,,,
Glass fogging and then clearing up,渐变（植物生长、气球打气）运动是否真实合理？,,,,,,"-1：没有渐变运动,1：完全不真实,2：有一些异常,3：真实合理",,,,,
Paper gradually turning yellow in sunlight,渐变（植物生长、气球打气）运动是否真实合理？,,,,,,"-1：没有渐变运动,1：完全不真实,2：有一些异常,3：真实合理",,,,,
The herd of horses gallops with each horse moving smoothly without any distortion.,实体运动过程中是否自然不异常扭曲？,,,,,,"-1：视频不存在运动实体,1：画面中的物体或人物发生极端变形，几乎无法识别原貌，严重影响观看体验。,2：扭曲现象较为明显，特别是在高速运动或特定角度下，导致物体或人物形态显著异常。,3：仅在快速移动或复杂背景下出现细微形变，通常难以被注意到。",,,,,
Sculpture surface slowly getting dusty and dull,渐变（植物生长、气球打气）运动是否真实合理？,,,,,,"-1：没有渐变运动,1：完全不真实,2：有一些异常,3：真实合理",,,,,
"The rocket launches into the sky, with its exhaust plume moving smoothly without any sense of tearing.",实体运动过程中是否自然不异常扭曲？,,,,,,"-1：视频不存在运动实体,1：画面中的物体或人物发生极端变形，几乎无法识别原貌，严重影响观看体验。,2：扭曲现象较为明显，特别是在高速运动或特定角度下，导致物体或人物形态显著异常。,3：仅在快速移动或复杂背景下出现细微形变，通常难以被注意到。",,,,,
"The diver plunges into the water with smooth, seamless movements.",实体运动过程中是否自然不异常扭曲？,,,,,,"-1：视频不存在运动实体,1：画面中的物体或人物发生极端变形，几乎无法识别原貌，严重影响观看体验。,2：扭曲现象较为明显，特别是在高速运动或特定角度下，导致物体或人物形态显著异常。,3：仅在快速移动或复杂背景下出现细微形变，通常难以被注意到。",,,,,
"The aerial shot flies through the forest with trees appearing stable and undistorted, and with consistent perspective.",静止的视频内容是否不因镜头移动产生异常扭曲？,,,,,,"-1：镜头没有移动或者视频内容在运动,1：产生明显扭曲,2：产生轻微扭曲,3：没有异常",,,,,
Wax statue surface slowly cracking,渐变（植物生长、气球打气）运动是否真实合理？,,,,,,"-1：没有渐变运动,1：完全不真实,2：有一些异常,3：真实合理",,,,,
"The camera pushes in on the ancient temple gate, where the spatial structure is fixed and geometrically unchanged.",静止的视频内容是否不因镜头移动产生异常扭曲？,,,,,,"-1：镜头没有移动或者视频内容在运动,1：产生明显扭曲,2：产生轻微扭曲,3：没有异常",,,,,
Cup,物体是否和文本一致,物体是否真实,,,,,"-1：文本没有指明任何物体，此问题作废,1：完全不一致（或完全没有出现文本描述的物体）,2：物体表现出了文本目标的特征（也像别的什么）,3：物体和文本一致","-1：提示文本规定了其他风格比如卡通风格时为-1，表示此问题作废,1：物体不是真实风格或形状纹理与真实物体有较大不同,2：物体是真实风格，但有一些形状或纹理缺陷，不够真实,3：物体非常真实，没有形状或纹理缺陷",,,,
"The camera surrounds the sculpture, showing the object stable and undistorted, without any stretching.",静止的视频内容是否不因镜头移动产生异常扭曲？,,,,,,"-1：镜头没有移动或者视频内容在运动,1：产生明显扭曲,2：产生轻微扭曲,3：没有异常",,,,,
Apple,物体是否和文本一致,物体是否真实,,,,,"-1：文本没有指明任何物体，此问题作废,1：完全不一致（或完全没有出现文本描述的物体）,2：物体表现出了文本目标的特征（也像别的什么）,3：物体和文本一致","-1：提示文本规定了其他风格比如卡通风格时为-1，表示此问题作废,1：物体不是真实风格或形状纹理与真实物体有较大不同,2：物体是真实风格，但有一些形状或纹理缺陷，不够真实,3：物体非常真实，没有形状或纹理缺陷",,,,
The drone flew over the canyon with the rock formations fixed and undistorted below.,静止的视频内容是否不因镜头移动产生异常扭曲？,,,,,,"-1：镜头没有移动或者视频内容在运动,1：产生明显扭曲,2：产生轻微扭曲,3：没有异常",,,,,
Dough piece thrown to the center of the board,物体运动轨迹是否真实合理？,,,,,,"-1：没有物体运动,1：完全不真实,2：有一些异常,3：真实合理",,,,,
Chair,物体是否和文本一致,物体是否真实,,,,,"-1：文本没有指明任何物体，此问题作废,1：完全不一致（或完全没有出现文本描述的物体）,2：物体表现出了文本目标的特征（也像别的什么）,3：物体和文本一致","-1：提示文本规定了其他风格比如卡通风格时为-1，表示此问题作废,1：物体不是真实风格或形状纹理与真实物体有较大不同,2：物体是真实风格，但有一些形状或纹理缺陷，不够真实,3：物体非常真实，没有形状或纹理缺陷",,,,
"A tracking shot of the study, with the bookshelves appearing stable and undistorted.",静止的视频内容是否不因镜头移动产生异常扭曲？,,,,,,"-1：镜头没有移动或者视频内容在运动,1：产生明显扭曲,2：产生轻微扭曲,3：没有异常",,,,,
The long shot of the street moves while the architectural geometry remains undistorted and in consistent perspective.,静止的视频内容是否不因镜头移动产生异常扭曲？,,,,,,"-1：镜头没有移动或者视频内容在运动,1：产生明显扭曲,2：产生轻微扭曲,3：没有异常",,,,,
Use a boom shot to capture the city skyline with consistent perspective and no distortion.,静止的视频内容是否不因镜头移动产生异常扭曲？,,,,,,"-1：镜头没有移动或者视频内容在运动,1：产生明显扭曲,2：产生轻微扭曲,3：没有异常",,,,,
"Follow the camera as it moves down the corridor, with the walls appearing steady and undistorted.",静止的视频内容是否不因镜头移动产生异常扭曲？,,,,,,"-1：镜头没有移动或者视频内容在运动,1：产生明显扭曲,2：产生轻微扭曲,3：没有异常",,,,,
"A scanning lens is used to photograph the museum exhibits, with the spatial structure fixed.",静止的视频内容是否不因镜头移动产生异常扭曲？,,,,,,"-1：镜头没有移动或者视频内容在运动,1：产生明显扭曲,2：产生轻微扭曲,3：没有异常",,,,,
"A woman smiles standing at the center in daytime, tilt up.",镜头移动是否和文本一致？,,,,,,"-1：文本没有描述镜头,1：不一致,2：一致",,,,,
Night street lamps provide steady lighting with no flicker.,静止的视频内容是否稳定不随时间变动？,,,,,,"-1：镜头没有移动或者视频内容在运动,1：非常不稳定，每一帧之间似乎都完全不相关,2：比较不稳定，内容有明显变动，但内容可以认知为一致,3：比较稳定，内容只有轻微变化，变化幅度频率较低,4：非常稳定，静止的背景和主体都不随时间变化",,,,,
Toy car sliding down an inclined surface,物体运动轨迹是否真实合理？,,,,,,"-1：没有物体运动,1：完全不真实,2：有一些异常,3：真实合理",,,,,
"A city street scene in low light, with a smooth and noise-free image.",视频是否没有噪点？,,,,,,"1：有很多噪点，非常影响视频观感,2：有一些噪点，能意识到噪点，轻微影响视频观感,3：有极少量噪点，不太能意识到噪点,4：没有噪点",,,,,
Shooting stalactites in underground caves produces clean and noise free images.,视频是否没有噪点？,,,,,,"1：有很多噪点，非常影响视频观感,2：有一些噪点，能意识到噪点，轻微影响视频观感,3：有极少量噪点，不太能意识到噪点,4：没有噪点",,,,,
Spinning top slowing down to a stop,物体运动轨迹是否真实合理？,,,,,,"-1：没有物体运动,1：完全不真实,2：有一些异常,3：真实合理",,,,,
"A mist-covered forest, with a clean image and clear details.",视频是否没有噪点？,,,,,,"1：有很多噪点，非常影响视频观感,2：有一些噪点，能意识到噪点，轻微影响视频观感,3：有极少量噪点，不太能意识到噪点,4：没有噪点",,,,,
Ball rolling along a circular track,物体运动轨迹是否真实合理？,,,,,,"-1：没有物体运动,1：完全不真实,2：有一些异常,3：真实合理",,,,,
Books on the shelf remain unmoved in the library.,静止的视频内容是否稳定不随时间变动？,,,,,,"-1：镜头没有移动或者视频内容在运动,1：非常不稳定，每一帧之间似乎都完全不相关,2：比较不稳定，内容有明显变动，但内容可以认知为一致,3：比较稳定，内容只有轻微变化，变化幅度频率较低,4：非常稳定，静止的背景和主体都不随时间变化",,,,,
"High ISO night scene with vehicle traffic, but the image is noise-free and smooth.",视频是否没有噪点？,,,,,,"1：有很多噪点，非常影响视频观感,2：有一些噪点，能意识到噪点，轻微影响视频观感,3：有极少量噪点，不太能意识到噪点,4：没有噪点",,,,,
Indoor still life photography involves static objects that remain constant and do not drift.,静止的视频内容是否稳定不随时间变动？,,,,,,"-1：镜头没有移动或者视频内容在运动,1：非常不稳定，每一帧之间似乎都完全不相关,2：比较不稳定，内容有明显变动，但内容可以认知为一致,3：比较稳定，内容只有轻微变化，变化幅度频率较低,4：非常稳定，静止的背景和主体都不随时间变化",,,,,
Shoot the library bookshelves from a moving angle to ensure geometric distortion is avoided and the structure is clear.,静止的视频内容是否不因镜头移动产生异常扭曲？,,,,,,"-1：镜头没有移动或者视频内容在运动,1：产生明显扭曲,2：产生轻微扭曲,3：没有异常",,,,,
A surveillance camera monitors the living room with high time stability and no flicker.,静止的视频内容是否稳定不随时间变动？,,,,,,"-1：镜头没有移动或者视频内容在运动,1：非常不稳定，每一帧之间似乎都完全不相关,2：比较不稳定，内容有明显变动，但内容可以认知为一致,3：比较稳定，内容只有轻微变化，变化幅度频率较低,4：非常稳定，静止的背景和主体都不随时间变化",,,,,
Paper ball bouncing off wall then landing,物体运动轨迹是否真实合理？,,,,,,"-1：没有物体运动,1：完全不真实,2：有一些异常,3：真实合理",,,,,
"A woman smiles standing at the center in daytime, pan left.",镜头移动是否和文本一致？,,,,,,"-1：文本没有描述镜头,1：不一致,2：一致",,,,,
A clock hangs still on the wall in the train station waiting hall.,静止的视频内容是否稳定不随时间变动？,,,,,,"-1：镜头没有移动或者视频内容在运动,1：非常不稳定，每一帧之间似乎都完全不相关,2：比较不稳定，内容有明显变动，但内容可以认知为一致,3：比较稳定，内容只有轻微变化，变化幅度频率较低,4：非常稳定，静止的背景和主体都不随时间变化",,,,,
The desk lamp remained on steadily without any flicker.,静止的视频内容是否稳定不随时间变动？,,,,,,"-1：镜头没有移动或者视频内容在运动,1：非常不稳定，每一帧之间似乎都完全不相关,2：比较不稳定，内容有明显变动，但内容可以认知为一致,3：比较稳定，内容只有轻微变化，变化幅度频率较低,4：非常稳定，静止的背景和主体都不随时间变化",,,,,
"The wall clock hangs on the wall, its hands moving without any background drift.",静止的视频内容是否稳定不随时间变动？,,,,,,"-1：镜头没有移动或者视频内容在运动,1：非常不稳定，每一帧之间似乎都完全不相关,2：比较不稳定，内容有明显变动，但内容可以认知为一致,3：比较稳定，内容只有轻微变化，变化幅度频率较低,4：非常稳定，静止的背景和主体都不随时间变化",,,,,
A cinema screen in ukiyo-e style.,视频风格是否和文本一致？,,,,,,"-1：提示文本没有规定视频风格，表示此问题作废,1：完全不一致（完全是不同的视频风格，没有任何目标风格的特征）,2：视频表现出一部分目标风格的特征,3：完全一致",,,,,
"A woman smiles standing at the center in daytime, pan right.",镜头移动是否和文本一致？,,,,,,"-1：文本没有描述镜头,1：不一致,2：一致",,,,,
"There was no movement in the room, and all objects remained still without any shaking.",静止的视频内容是否稳定不随时间变动？,,,,,,"-1：镜头没有移动或者视频内容在运动,1：非常不稳定，每一帧之间似乎都完全不相关,2：比较不稳定，内容有明显变动，但内容可以认知为一致,3：比较稳定，内容只有轻微变化，变化幅度频率较低,4：非常稳定，静止的背景和主体都不随时间变化",,,,,
"A woman smiles standing at the center in daytime, truck right.",镜头移动是否和文本一致？,,,,,,"-1：文本没有描述镜头,1：不一致,2：一致",,,,,
A fixed shot of a coffee cup with steam rising but the cup itself remaining steady.,静止的视频内容是否稳定不随时间变动？,,,,,,"-1：镜头没有移动或者视频内容在运动,1：非常不稳定，每一帧之间似乎都完全不相关,2：比较不稳定，内容有明显变动，但内容可以认知为一致,3：比较稳定，内容只有轻微变化，变化幅度频率较低,4：非常稳定，静止的背景和主体都不随时间变化",,,,,
"The desert is being shot in time-lapse, with the sand dunes remaining stationary and unchanged.",静止的视频内容是否稳定不随时间变动？,,,,,,"-1：镜头没有移动或者视频内容在运动,1：非常不稳定，每一帧之间似乎都完全不相关,2：比较不稳定，内容有明显变动，但内容可以认知为一致,3：比较稳定，内容只有轻微变化，变化幅度频率较低,4：非常稳定，静止的背景和主体都不随时间变化",,,,,
"A woman smiles standing at the center in daytime, tilt down.",镜头移动是否和文本一致？,,,,,,"-1：文本没有描述镜头,1：不一致,2：一致",,,,,
"High-resolution aerial photos of the forest, with trees remaining stable and undistorted as the camera moves.",视频是否清晰？,静止的视频内容是否不因镜头移动产生异常扭曲？,,,,,"-1：文本描述了视频的清晰度,1：视频极度模糊，几乎无法识别图像内容，完全不可用。,2：即使在正常观看距离下也能看到明显的模糊，尤其在动态场景转换时更为明显。,3：视频非常清晰，仅能在细节丰富区域（如头发或边缘）发现轻微的不清晰现象","-1：镜头没有移动或者视频内容在运动,1：产生明显扭曲,2：产生轻微扭曲,3：没有异常",,,,
"A woman smiles standing at the center in daytime, truck left.",镜头移动是否和文本一致？,,,,,,"-1：文本没有描述镜头,1：不一致,2：一致",,,,,
Fish swim in the aquarium while the background rocks remain stationary and unchanging.,静止的视频内容是否稳定不随时间变动？,,,,,,"-1：镜头没有移动或者视频内容在运动,1：非常不稳定，每一帧之间似乎都完全不相关,2：比较不稳定，内容有明显变动，但内容可以认知为一致,3：比较稳定，内容只有轻微变化，变化幅度频率较低,4：非常稳定，静止的背景和主体都不随时间变化",,,,,
Long exposure star photography with good consistency between frames.,静止的视频内容是否稳定不随时间变动？,,,,,,"-1：镜头没有移动或者视频内容在运动,1：非常不稳定，每一帧之间似乎都完全不相关,2：比较不稳定，内容有明显变动，但内容可以认知为一致,3：比较稳定，内容只有轻微变化，变化幅度频率较低,4：非常稳定，静止的背景和主体都不随时间变化",,,,,
"A woman smiles standing at the center in daytime, zoom out.",镜头移动是否和文本一致？,,,,,,"-1：文本没有描述镜头,1：不一致,2：一致",,,,,
"Winter night snowscape, smooth and pure in texture.",视频是否没有噪点？,,,,,,"1：有很多噪点，非常影响视频观感,2：有一些噪点，能意识到噪点，轻微影响视频观感,3：有极少量噪点，不太能意识到噪点,4：没有噪点",,,,,
"A woman smiles standing at the center in daytime, pedestal up.",镜头移动是否和文本一致？,,,,,,"-1：文本没有描述镜头,1：不一致,2：一致",,,,,
"A woman smiles standing at the center in daytime, pedestal down.",镜头移动是否和文本一致？,,,,,,"-1：文本没有描述镜头,1：不一致,2：一致",,,,,
"Taking photos of cat eyes in low light with no noise, clean and clear.",视频是否没有噪点？,,,,,,"1：有很多噪点，非常影响视频观感,2：有一些噪点，能意识到噪点，轻微影响视频观感,3：有极少量噪点，不太能意识到噪点,4：没有噪点",,,,,
"A woman smiles standing at the center in daytime, zoom in.",镜头移动是否和文本一致？,,,,,,"-1：文本没有描述镜头,1：不一致,2：一致",,,,,
Star trail time-lapse photography with a clean signal and no grain.,视频是否没有噪点？,,,,,,"1：有很多噪点，非常影响视频观感,2：有一些噪点，能意识到噪点，轻微影响视频观感,3：有极少量噪点，不太能意识到噪点,4：没有噪点",,,,,
"The stage spotlight falls on the actor, with the light steady and without any flicker.",视频是否存在异常光照，即曝光、异常高光或光线不规律变化,,,,,,"1：光线问题极其严重，使得整个画面显得失真，几乎无法辨识内容，完全破坏观看体验,2：明显的光线问题，如过曝、高光位置异常，开始影响观看体验,3：完全没有或仅有非常微小的曝光差异或高光过亮，需要仔细对比才能发现",,,,,
"A woman smiles standing at the center in daytime, hitchcock zoom.",镜头移动是否和文本一致？,,,,,,"-1：文本没有描述镜头,1：不一致,2：一致",,,,,
"A woman smiles standing at the center in daytime, tracking shot.",镜头移动是否和文本一致？,,,,,,"-1：文本没有描述镜头,1：不一致,2：一致",,,,,
"Shooting glowing jellyfish in the deep sea, with textures that are pristine and noise-free.",视频是否没有噪点？,,,,,,"1：有很多噪点，非常影响视频观感,2：有一些噪点，能意识到噪点，轻微影响视频观感,3：有极少量噪点，不太能意识到噪点,4：没有噪点",,,,,
A desk lamp remains fixed on the table.,静止的视频内容是否稳定不随时间变动？,,,,,,"-1：镜头没有移动或者视频内容在运动,1：非常不稳定，每一帧之间似乎都完全不相关,2：比较不稳定，内容有明显变动，但内容可以认知为一致,3：比较稳定，内容只有轻微变化，变化幅度频率较低,4：非常稳定，静止的背景和主体都不随时间变化",,,,,
"A woman smiles standing at the center in daytime, handheld shot.",镜头移动是否和文本一致？,,,,,,"-1：文本没有描述镜头,1：不一致,2：一致",,,,,
An oil painting on the wall stays in place in the art gallery.,静止的视频内容是否稳定不随时间变动？,,,,,,"-1：镜头没有移动或者视频内容在运动,1：非常不稳定，每一帧之间似乎都完全不相关,2：比较不稳定，内容有明显变动，但内容可以认知为一致,3：比较稳定，内容只有轻微变化，变化幅度频率较低,4：非常稳定，静止的背景和主体都不随时间变化",,,,,
Indoor still life photography with stationary objects and normal lighting.,静止的视频内容是否稳定不随时间变动？,视频是否存在异常光照，即曝光、异常高光或光线不规律变化,,,,,"-1：镜头没有移动或者视频内容在运动,1：非常不稳定，每一帧之间似乎都完全不相关,2：比较不稳定，内容有明显变动，但内容可以认知为一致,3：比较稳定，内容只有轻微变化，变化幅度频率较低,4：非常稳定，静止的背景和主体都不随时间变化","1：光线问题极其严重，使得整个画面显得失真，几乎无法辨识内容，完全破坏观看体验,2：明显的光线问题，如过曝、高光位置异常，开始影响观看体验,3：完全没有或仅有非常微小的曝光差异或高光过亮，需要仔细对比才能发现",,,,
A coffee cup stays motionless on the café table.,静止的视频内容是否稳定不随时间变动？,,,,,,"-1：镜头没有移动或者视频内容在运动,1：非常不稳定，每一帧之间似乎都完全不相关,2：比较不稳定，内容有明显变动，但内容可以认知为一致,3：比较稳定，内容只有轻微变化，变化幅度频率较低,4：非常稳定，静止的背景和主体都不随时间变化",,,,,
Black and white film-style street photography with clean signals and no grain.,视频是否没有噪点？,,,,,,"1：有很多噪点，非常影响视频观感,2：有一些噪点，能意识到噪点，轻微影响视频观感,3：有极少量噪点，不太能意识到噪点,4：没有噪点",,,,,
A candlelit dinner with a steady flame that provides stable light without flickering.,视频是否存在异常光照，即曝光、异常高光或光线不规律变化,,,,,,"1：光线问题极其严重，使得整个画面显得失真，几乎无法辨识内容，完全破坏观看体验,2：明显的光线问题，如过曝、高光位置异常，开始影响观看体验,3：完全没有或仅有非常微小的曝光差异或高光过亮，需要仔细对比才能发现",,,,,
"Morning sunlight filters into the forest, casting natural shadows with even exposure.",视频是否存在异常光照，即曝光、异常高光或光线不规律变化,,,,,,"1：光线问题极其严重，使得整个画面显得失真，几乎无法辨识内容，完全破坏观看体验,2：明显的光线问题，如过曝、高光位置异常，开始影响观看体验,3：完全没有或仅有非常微小的曝光差异或高光过亮，需要仔细对比才能发现",,,,,
The cellular structure in the photomicrograph is pure and clear in texture.,视频是否没有噪点？,,,,,,"1：有很多噪点，非常影响视频观感,2：有一些噪点，能意识到噪点，轻微影响视频观感,3：有极少量噪点，不太能意识到噪点,4：没有噪点",,,,,
A statue in the city square remains completely still.,静止的视频内容是否稳定不随时间变动？,,,,,,"-1：镜头没有移动或者视频内容在运动,1：非常不稳定，每一帧之间似乎都完全不相关,2：比较不稳定，内容有明显变动，但内容可以认知为一致,3：比较稳定，内容只有轻微变化，变化幅度频率较低,4：非常稳定，静止的背景和主体都不随时间变化",,,,,
A park bench in oil painting style.,视频风格是否和文本一致？,,,,,,"-1：提示文本没有规定视频风格，表示此问题作废,1：完全不一致（完全是不同的视频风格，没有任何目标风格的特征）,2：视频表现出一部分目标风格的特征,3：完全一致",,,,,
An indoor reading scene with normal lighting and no overexposure.,视频是否存在异常光照，即曝光、异常高光或光线不规律变化,,,,,,"1：光线问题极其严重，使得整个画面显得失真，几乎无法辨识内容，完全破坏观看体验,2：明显的光线问题，如过曝、高光位置异常，开始影响观看体验,3：完全没有或仅有非常微小的曝光差异或高光过亮，需要仔细对比才能发现",,,,,
A bus stop shelter in pointillism style.,视频风格是否和文本一致？,,,,,,"-1：提示文本没有规定视频风格，表示此问题作废,1：完全不一致（完全是不同的视频风格，没有任何目标风格的特征）,2：视频表现出一部分目标风格的特征,3：完全一致",,,,,
Even lighting for studio portrait photography with no unwanted highlights.,视频是否存在异常光照，即曝光、异常高光或光线不规律变化,,,,,,"1：光线问题极其严重，使得整个画面显得失真，几乎无法辨识内容，完全破坏观看体验,2：明显的光线问题，如过曝、高光位置异常，开始影响观看体验,3：完全没有或仅有非常微小的曝光差异或高光过亮，需要仔细对比才能发现",,,,,
"At sunset, the beach is bathed in stable lighting with natural gradients of color.",视频是否存在异常光照，即曝光、异常高光或光线不规律变化,,,,,,"1：光线问题极其严重，使得整个画面显得失真，几乎无法辨识内容，完全破坏观看体验,2：明显的光线问题，如过曝、高光位置异常，开始影响观看体验,3：完全没有或仅有非常微小的曝光差异或高光过亮，需要仔细对比才能发现",,,,,
"The drone flies through the canyon, with a fixed spatial structure and clear visuals.",视频是否清晰？,静止的视频内容是否不因镜头移动产生异常扭曲？,,,,,"-1：文本描述了视频的清晰度,1：视频极度模糊，几乎无法识别图像内容，完全不可用。,2：即使在正常观看距离下也能看到明显的模糊，尤其在动态场景转换时更为明显。,3：视频非常清晰，仅能在细节丰富区域（如头发或边缘）发现轻微的不清晰现象","-1：镜头没有移动或者视频内容在运动,1：产生明显扭曲,2：产生轻微扭曲,3：没有异常",,,,
"The rocket launch, with the tail flame moving without distortion and no overexposure.",实体运动过程中是否自然不异常扭曲？,视频是否存在异常光照，即曝光、异常高光或光线不规律变化,,,,,"-1：视频不存在运动实体,1：画面中的物体或人物发生极端变形，几乎无法识别原貌，严重影响观看体验。,2：扭曲现象较为明显，特别是在高速运动或特定角度下，导致物体或人物形态显著异常。,3：仅在快速移动或复杂背景下出现细微形变，通常难以被注意到。","1：光线问题极其严重，使得整个画面显得失真，几乎无法辨识内容，完全破坏观看体验,2：明显的光线问题，如过曝、高光位置异常，开始影响观看体验,3：完全没有或仅有非常微小的曝光差异或高光过亮，需要仔细对比才能发现",,,,
A diving platform at the swimming pool in pop art style.,视频风格是否和文本一致？,,,,,,"-1：提示文本没有规定视频风格，表示此问题作废,1：完全不一致（完全是不同的视频风格，没有任何目标风格的特征）,2：视频表现出一部分目标风格的特征,3：完全一致",,,,,
A glass bottle stays fixed on the kitchen counter.,静止的视频内容是否稳定不随时间变动？,,,,,,"-1：镜头没有移动或者视频内容在运动,1：非常不稳定，每一帧之间似乎都完全不相关,2：比较不稳定，内容有明显变动，但内容可以认知为一致,3：比较稳定，内容只有轻微变化，变化幅度频率较低,4：非常稳定，静止的背景和主体都不随时间变化",,,,,
Overcast city street scene with soft lighting and even exposure.,视频是否存在异常光照，即曝光、异常高光或光线不规律变化,,,,,,"1：光线问题极其严重，使得整个画面显得失真，几乎无法辨识内容，完全破坏观看体验,2：明显的光线问题，如过曝、高光位置异常，开始影响观看体验,3：完全没有或仅有非常微小的曝光差异或高光过亮，需要仔细对比才能发现",,,,,
The company logo on the background wall stays unchanged in the meeting room.,静止的视频内容是否稳定不随时间变动？,,,,,,"-1：镜头没有移动或者视频内容在运动,1：非常不稳定，每一帧之间似乎都完全不相关,2：比较不稳定，内容有明显变动，但内容可以认知为一致,3：比较稳定，内容只有轻微变化，变化幅度频率较低,4：非常稳定，静止的背景和主体都不随时间变化",,,,,
The high-speed train whizzes by with a sharp image and natural motion.,视频是否清晰？,实体运动过程中是否自然不异常扭曲？,,,,,"-1：文本描述了视频的清晰度,1：视频极度模糊，几乎无法识别图像内容，完全不可用。,2：即使在正常观看距离下也能看到明显的模糊，尤其在动态场景转换时更为明显。,3：视频非常清晰，仅能在细节丰富区域（如头发或边缘）发现轻微的不清晰现象","-1：视频不存在运动实体,1：画面中的物体或人物发生极端变形，几乎无法识别原貌，严重影响观看体验。,2：扭曲现象较为明显，特别是在高速运动或特定角度下，导致物体或人物形态显著异常。,3：仅在快速移动或复杂背景下出现细微形变，通常难以被注意到。",,,,
A concert hall stage in oil painting style.,视频风格是否和文本一致？,,,,,,"-1：提示文本没有规定视频风格，表示此问题作废,1：完全不一致（完全是不同的视频风格，没有任何目标风格的特征）,2：视频表现出一部分目标风格的特征,3：完全一致",,,,,
The pillow on the bed stays in the same position.,静止的视频内容是否稳定不随时间变动？,,,,,,"-1：镜头没有移动或者视频内容在运动,1：非常不稳定，每一帧之间似乎都完全不相关,2：比较不稳定，内容有明显变动，但内容可以认知为一致,3：比较稳定，内容只有轻微变化，变化幅度频率较低,4：非常稳定，静止的背景和主体都不随时间变化",,,,,
Pedestrians on the street in watercolor painting style.,视频风格是否和文本一致？,,,,,,"-1：提示文本没有规定视频风格，表示此问题作废,1：完全不一致（完全是不同的视频风格，没有任何目标风格的特征）,2：视频表现出一部分目标风格的特征,3：完全一致",,,,,
A waterfall in the tropical rainforest in fresco style.,视频风格是否和文本一致？,,,,,,"-1：提示文本没有规定视频风格，表示此问题作废,1：完全不一致（完全是不同的视频风格，没有任何目标风格的特征）,2：视频表现出一部分目标风格的特征,3：完全一致",,,,,
"Driving out of the tunnel into the light, the dynamic range is good with no overexposure.",视频是否存在异常光照，即曝光、异常高光或光线不规律变化,,,,,,"1：光线问题极其严重，使得整个画面显得失真，几乎无法辨识内容，完全破坏观看体验,2：明显的光线问题，如过曝、高光位置异常，开始影响观看体验,3：完全没有或仅有非常微小的曝光差异或高光过亮，需要仔细对比才能发现",,,,,
The museum exhibits are surrounded by fixed spatial structures with stable lighting and no noise.,静止的视频内容是否不因镜头移动产生异常扭曲？,视频是否存在异常光照，即曝光、异常高光或光线不规律变化,视频是否没有噪点？,,,,"-1：镜头没有移动或者视频内容在运动,1：产生明显扭曲,2：产生轻微扭曲,3：没有异常","1：光线问题极其严重，使得整个画面显得失真，几乎无法辨识内容，完全破坏观看体验,2：明显的光线问题，如过曝、高光位置异常，开始影响观看体验,3：完全没有或仅有非常微小的曝光差异或高光过亮，需要仔细对比才能发现","1：有很多噪点，非常影响视频观感,2：有一些噪点，能意识到噪点，轻微影响视频观感,3：有极少量噪点，不太能意识到噪点,4：没有噪点",,,
A rock by the pond in the park remains completely still.,静止的视频内容是否稳定不随时间变动？,,,,,,"-1：镜头没有移动或者视频内容在运动,1：非常不稳定，每一帧之间似乎都完全不相关,2：比较不稳定，内容有明显变动，但内容可以认知为一致,3：比较稳定，内容只有轻微变化，变化幅度频率较低,4：非常稳定，静止的背景和主体都不随时间变化",,,,,
"The sunrise at the mountaintop, with the sky gradually brightening and the light changing rhythmically.",视频是否存在异常光照，即曝光、异常高光或光线不规律变化,,,,,,"1：光线问题极其严重，使得整个画面显得失真，几乎无法辨识内容，完全破坏观看体验,2：明显的光线问题，如过曝、高光位置异常，开始影响观看体验,3：完全没有或仅有非常微小的曝光差异或高光过亮，需要仔细对比才能发现",,,,,
A coffee stand on the sidewalk in ink wash painting style.,视频风格是否和文本一致？,,,,,,"-1：提示文本没有规定视频风格，表示此问题作废,1：完全不一致（完全是不同的视频风格，没有任何目标风格的特征）,2：视频表现出一部分目标风格的特征,3：完全一致",,,,,
Wildflowers in the alpine meadow in impressionism style.,视频风格是否和文本一致？,,,,,,"-1：提示文本没有规定视频风格，表示此问题作废,1：完全不一致（完全是不同的视频风格，没有任何目标风格的特征）,2：视频表现出一部分目标风格的特征,3：完全一致",,,,,
A fountain in the plaza in sketch style.,视频风格是否和文本一致？,,,,,,"-1：提示文本没有规定视频风格，表示此问题作废,1：完全不一致（完全是不同的视频风格，没有任何目标风格的特征）,2：视频表现出一部分目标风格的特征,3：完全一致",,,,,
A fruit stall in the market in woodcut style.,视频风格是否和文本一致？,,,,,,"-1：提示文本没有规定视频风格，表示此问题作废,1：完全不一致（完全是不同的视频风格，没有任何目标风格的特征）,2：视频表现出一部分目标风格的特征,3：完全一致",,,,,
Ships in the Norwegian fjord in expressionism style.,视频风格是否和文本一致？,,,,,,"-1：提示文本没有规定视频风格，表示此问题作废,1：完全不一致（完全是不同的视频风格，没有任何目标风格的特征）,2：视频表现出一部分目标风格的特征,3：完全一致",,,,,
"The museum display case lighting is normal, with shadows appearing naturally.",视频是否存在异常光照，即曝光、异常高光或光线不规律变化,,,,,,"1：光线问题极其严重，使得整个画面显得失真，几乎无法辨识内容，完全破坏观看体验,2：明显的光线问题，如过曝、高光位置异常，开始影响观看体验,3：完全没有或仅有非常微小的曝光差异或高光过亮，需要仔细对比才能发现",,,,,
"High-resolution aerial photos of forests with trees appearing stable and undistorted, and consistent lighting.",视频是否清晰？,静止的视频内容是否不因镜头移动产生异常扭曲？,视频是否存在异常光照，即曝光、异常高光或光线不规律变化,,,,"-1：文本描述了视频的清晰度,1：视频极度模糊，几乎无法识别图像内容，完全不可用。,2：即使在正常观看距离下也能看到明显的模糊，尤其在动态场景转换时更为明显。,3：视频非常清晰，仅能在细节丰富区域（如头发或边缘）发现轻微的不清晰现象","-1：镜头没有移动或者视频内容在运动,1：产生明显扭曲,2：产生轻微扭曲,3：没有异常","1：光线问题极其严重，使得整个画面显得失真，几乎无法辨识内容，完全破坏观看体验,2：明显的光线问题，如过曝、高光位置异常，开始影响观看体验,3：完全没有或仅有非常微小的曝光差异或高光过亮，需要仔细对比才能发现",,,
Photographing a cat in low light with no noise and even exposure.,视频是否没有噪点？,视频是否存在异常光照，即曝光、异常高光或光线不规律变化,,,,,"1：有很多噪点，非常影响视频观感,2：有一些噪点，能意识到噪点，轻微影响视频观感,3：有极少量噪点，不太能意识到噪点,4：没有噪点","1：光线问题极其严重，使得整个画面显得失真，几乎无法辨识内容，完全破坏观看体验,2：明显的光线问题，如过曝、高光位置异常，开始影响观看体验,3：完全没有或仅有非常微小的曝光差异或高光过亮，需要仔细对比才能发现",,,,
"The drone flew through the ancient temple with a stable structure, sharp images, and no flicker.",静止的视频内容是否不因镜头移动产生异常扭曲？,视频是否清晰？,静止的视频内容是否稳定不随时间变动？,,,,"-1：镜头没有移动或者视频内容在运动,1：产生明显扭曲,2：产生轻微扭曲,3：没有异常","-1：文本描述了视频的清晰度,1：视频极度模糊，几乎无法识别图像内容，完全不可用。,2：即使在正常观看距离下也能看到明显的模糊，尤其在动态场景转换时更为明显。,3：视频非常清晰，仅能在细节丰富区域（如头发或边缘）发现轻微的不清晰现象","-1：镜头没有移动或者视频内容在运动,1：非常不稳定，每一帧之间似乎都完全不相关,2：比较不稳定，内容有明显变动，但内容可以认知为一致,3：比较稳定，内容只有轻微变化，变化幅度频率较低,4：非常稳定，静止的背景和主体都不随时间变化",,,
A shopping mall corridor in fresco style.,视频风格是否和文本一致？,,,,,,"-1：提示文本没有规定视频风格，表示此问题作废,1：完全不一致（完全是不同的视频风格，没有任何目标风格的特征）,2：视频表现出一部分目标风格的特征,3：完全一致",,,,,
"The cheetah's running movements are smooth, the image is clear, the background is constant, and there is no overexposure.",实体运动过程中是否自然不异常扭曲？,视频是否清晰？,静止的视频内容是否稳定不随时间变动？,视频是否存在异常光照，即曝光、异常高光或光线不规律变化,,,"-1：视频不存在运动实体,1：画面中的物体或人物发生极端变形，几乎无法识别原貌，严重影响观看体验。,2：扭曲现象较为明显，特别是在高速运动或特定角度下，导致物体或人物形态显著异常。,3：仅在快速移动或复杂背景下出现细微形变，通常难以被注意到。","-1：文本描述了视频的清晰度,1：视频极度模糊，几乎无法识别图像内容，完全不可用。,2：即使在正常观看距离下也能看到明显的模糊，尤其在动态场景转换时更为明显。,3：视频非常清晰，仅能在细节丰富区域（如头发或边缘）发现轻微的不清晰现象","-1：镜头没有移动或者视频内容在运动,1：非常不稳定，每一帧之间似乎都完全不相关,2：比较不稳定，内容有明显变动，但内容可以认知为一致,3：比较稳定，内容只有轻微变化，变化幅度频率较低,4：非常稳定，静止的背景和主体都不随时间变化","1：光线问题极其严重，使得整个画面显得失真，几乎无法辨识内容，完全破坏观看体验,2：明显的光线问题，如过曝、高光位置异常，开始影响观看体验,3：完全没有或仅有非常微小的曝光差异或高光过亮，需要仔细对比才能发现",,
Tables and chairs in a café in cartoon style.,视频风格是否和文本一致？,,,,,,"-1：提示文本没有规定视频风格，表示此问题作废,1：完全不一致（完全是不同的视频风格，没有任何目标风格的特征）,2：视频表现出一部分目标风格的特征,3：完全一致",,,,,
Time-lapse star photography with good consistency between frames and clean signals.,静止的视频内容是否稳定不随时间变动？,视频是否没有噪点？,,,,,"-1：镜头没有移动或者视频内容在运动,1：非常不稳定，每一帧之间似乎都完全不相关,2：比较不稳定，内容有明显变动，但内容可以认知为一致,3：比较稳定，内容只有轻微变化，变化幅度频率较低,4：非常稳定，静止的背景和主体都不随时间变化","1：有很多噪点，非常影响视频观感,2：有一些噪点，能意识到噪点，轻微影响视频观感,3：有极少量噪点，不太能意识到噪点,4：没有噪点",,,,
"The cheetah's sprint is smooth, with clear visuals and rich details.",视频是否清晰？,实体运动过程中是否自然不异常扭曲？,,,,,"-1：文本描述了视频的清晰度,1：视频极度模糊，几乎无法识别图像内容，完全不可用。,2：即使在正常观看距离下也能看到明显的模糊，尤其在动态场景转换时更为明显。,3：视频非常清晰，仅能在细节丰富区域（如头发或边缘）发现轻微的不清晰现象","-1：视频不存在运动实体,1：画面中的物体或人物发生极端变形，几乎无法识别原貌，严重影响观看体验。,2：扭曲现象较为明显，特别是在高速运动或特定角度下，导致物体或人物形态显著异常。,3：仅在快速移动或复杂背景下出现细微形变，通常难以被注意到。",,,,
A train station platform in impressionism style.,视频风格是否和文本一致？,,,,,,"-1：提示文本没有规定视频风格，表示此问题作废,1：完全不一致（完全是不同的视频风格，没有任何目标风格的特征）,2：视频表现出一部分目标风格的特征,3：完全一致",,,,,
A bridge in the Venice canals in pop art style.,视频风格是否和文本一致？,,,,,,"-1：提示文本没有规定视频风格，表示此问题作废,1：完全不一致（完全是不同的视频风格，没有任何目标风格的特征）,2：视频表现出一部分目标风格的特征,3：完全一致",,,,,
"The delayed starry sky has good consistency between frames, clean signals, and even exposure.",静止的视频内容是否稳定不随时间变动？,视频是否没有噪点？,视频是否存在异常光照，即曝光、异常高光或光线不规律变化,,,,"-1：镜头没有移动或者视频内容在运动,1：非常不稳定，每一帧之间似乎都完全不相关,2：比较不稳定，内容有明显变动，但内容可以认知为一致,3：比较稳定，内容只有轻微变化，变化幅度频率较低,4：非常稳定，静止的背景和主体都不随时间变化","1：有很多噪点，非常影响视频观感,2：有一些噪点，能意识到噪点，轻微影响视频观感,3：有极少量噪点，不太能意识到噪点,4：没有噪点","1：光线问题极其严重，使得整个画面显得失真，几乎无法辨识内容，完全破坏观看体验,2：明显的光线问题，如过曝、高光位置异常，开始影响观看体验,3：完全没有或仅有非常微小的曝光差异或高光过亮，需要仔细对比才能发现",,,
A supermarket checkout counter in pixel art style.,视频风格是否和文本一致？,,,,,,"-1：提示文本没有规定视频风格，表示此问题作废,1：完全不一致（完全是不同的视频风格，没有任何目标风格的特征）,2：视频表现出一部分目标风格的特征,3：完全一致",,,,,
Billboards in New York Times Square in cubism style.,视频风格是否和文本一致？,,,,,,"-1：提示文本没有规定视频风格，表示此问题作废,1：完全不一致（完全是不同的视频风格，没有任何目标风格的特征）,2：视频表现出一部分目标风格的特征,3：完全一致",,,,,
A running track in the stadium in expressionism style.,视频风格是否和文本一致？,,,,,,"-1：提示文本没有规定视频风格，表示此问题作废,1：完全不一致（完全是不同的视频风格，没有任何目标风格的特征）,2：视频表现出一部分目标风格的特征,3：完全一致",,,,,
"The ballerina spins gracefully, and the image is not blurry.",实体运动过程中是否自然不异常扭曲？,视频是否清晰？,,,,,"-1：视频不存在运动实体,1：画面中的物体或人物发生极端变形，几乎无法识别原貌，严重影响观看体验。,2：扭曲现象较为明显，特别是在高速运动或特定角度下，导致物体或人物形态显著异常。,3：仅在快速移动或复杂背景下出现细微形变，通常难以被注意到。","-1：文本描述了视频的清晰度,1：视频极度模糊，几乎无法识别图像内容，完全不可用。,2：即使在正常观看距离下也能看到明显的模糊，尤其在动态场景转换时更为明显。,3：视频非常清晰，仅能在细节丰富区域（如头发或边缘）发现轻微的不清晰现象",,,,
Capture the cityscape at night with long exposure to avoid flicker and ensure stable lighting.,静止的视频内容是否稳定不随时间变动？,视频是否存在异常光照，即曝光、异常高光或光线不规律变化,,,,,"-1：镜头没有移动或者视频内容在运动,1：非常不稳定，每一帧之间似乎都完全不相关,2：比较不稳定，内容有明显变动，但内容可以认知为一致,3：比较稳定，内容只有轻微变化，变化幅度频率较低,4：非常稳定，静止的背景和主体都不随时间变化","1：光线问题极其严重，使得整个画面显得失真，几乎无法辨识内容，完全破坏观看体验,2：明显的光线问题，如过曝、高光位置异常，开始影响观看体验,3：完全没有或仅有非常微小的曝光差异或高光过亮，需要仔细对比才能发现",,,,
"Cell division under the microscope, with pure texture and rich details.",视频是否没有噪点？,视频是否清晰？,,,,,"1：有很多噪点，非常影响视频观感,2：有一些噪点，能意识到噪点，轻微影响视频观感,3：有极少量噪点，不太能意识到噪点,4：没有噪点","-1：文本描述了视频的清晰度,1：视频极度模糊，几乎无法识别图像内容，完全不可用。,2：即使在正常观看距离下也能看到明显的模糊，尤其在动态场景转换时更为明显。,3：视频非常清晰，仅能在细节丰富区域（如头发或边缘）发现轻微的不清晰现象",,,,
"Soldiers march through the snow with natural movements, and the scene is clean and clear.",实体运动过程中是否自然不异常扭曲？,视频是否没有噪点？,,,,,"-1：视频不存在运动实体,1：画面中的物体或人物发生极端变形，几乎无法识别原貌，严重影响观看体验。,2：扭曲现象较为明显，特别是在高速运动或特定角度下，导致物体或人物形态显著异常。,3：仅在快速移动或复杂背景下出现细微形变，通常难以被注意到。","1：有很多噪点，非常影响视频观感,2：有一些噪点，能意识到噪点，轻微影响视频观感,3：有极少量噪点，不太能意识到噪点,4：没有噪点",,,,
A roller coaster in the amusement park in surrealism style.,视频风格是否和文本一致？,,,,,,"-1：提示文本没有规定视频风格，表示此问题作废,1：完全不一致（完全是不同的视频风格，没有任何目标风格的特征）,2：视频表现出一部分目标风格的特征,3：完全一致",,,,,
"A smooth, clear image of a cheetah running without any noise.",视频是否清晰？,实体运动过程中是否自然不异常扭曲？,视频是否没有噪点？,,,,"-1：文本描述了视频的清晰度,1：视频极度模糊，几乎无法识别图像内容，完全不可用。,2：即使在正常观看距离下也能看到明显的模糊，尤其在动态场景转换时更为明显。,3：视频非常清晰，仅能在细节丰富区域（如头发或边缘）发现轻微的不清晰现象","-1：视频不存在运动实体,1：画面中的物体或人物发生极端变形，几乎无法识别原貌，严重影响观看体验。,2：扭曲现象较为明显，特别是在高速运动或特定角度下，导致物体或人物形态显著异常。,3：仅在快速移动或复杂背景下出现细微形变，通常难以被注意到。","1：有很多噪点，非常影响视频观感,2：有一些噪点，能意识到噪点，轻微影响视频观感,3：有极少量噪点，不太能意识到噪点,4：没有噪点",,,
The library's tracking shot shows bookshelves that remain geometrically unchanged and statically constant.,静止的视频内容是否不因镜头移动产生异常扭曲？,静止的视频内容是否稳定不随时间变动？,,,,,"-1：镜头没有移动或者视频内容在运动,1：产生明显扭曲,2：产生轻微扭曲,3：没有异常","-1：镜头没有移动或者视频内容在运动,1：非常不稳定，每一帧之间似乎都完全不相关,2：比较不稳定，内容有明显变动，但内容可以认知为一致,3：比较稳定，内容只有轻微变化，变化幅度频率较低,4：非常稳定，静止的背景和主体都不随时间变化",,,,
A treadmill in the gym in cubism style.,视频风格是否和文本一致？,,,,,,"-1：提示文本没有规定视频风格，表示此问题作废,1：完全不一致（完全是不同的视频风格，没有任何目标风格的特征）,2：视频表现出一部分目标风格的特征,3：完全一致",,,,,
"Close-up of the elderly person's face, with clear skin texture and no blurring.",视频是否清晰？,静止的视频内容是否稳定不随时间变动？,,,,,"-1：文本描述了视频的清晰度,1：视频极度模糊，几乎无法识别图像内容，完全不可用。,2：即使在正常观看距离下也能看到明显的模糊，尤其在动态场景转换时更为明显。,3：视频非常清晰，仅能在细节丰富区域（如头发或边缘）发现轻微的不清晰现象","-1：镜头没有移动或者视频内容在运动,1：非常不稳定，每一帧之间似乎都完全不相关,2：比较不稳定，内容有明显变动，但内容可以认知为一致,3：比较稳定，内容只有轻微变化，变化幅度频率较低,4：非常稳定，静止的背景和主体都不随时间变化",,,,
Bookshelves in the library in watercolor painting style.,视频风格是否和文本一致？,,,,,,"-1：提示文本没有规定视频风格，表示此问题作废,1：完全不一致（完全是不同的视频风格，没有任何目标风格的特征）,2：视频表现出一部分目标风格的特征,3：完全一致",,,,,
"At sunrise, the mountain peak is naturally shaded, with rich details.",视频是否存在异常光照，即曝光、异常高光或光线不规律变化,视频是否清晰？,,,,,"1：光线问题极其严重，使得整个画面显得失真，几乎无法辨识内容，完全破坏观看体验,2：明显的光线问题，如过曝、高光位置异常，开始影响观看体验,3：完全没有或仅有非常微小的曝光差异或高光过亮，需要仔细对比才能发现","-1：文本描述了视频的清晰度,1：视频极度模糊，几乎无法识别图像内容，完全不可用。,2：即使在正常观看距离下也能看到明显的模糊，尤其在动态场景转换时更为明显。,3：视频非常清晰，仅能在细节丰富区域（如头发或边缘）发现轻微的不清晰现象",,,,
The star trail timelapse has good consistency between frames and even exposure.,静止的视频内容是否稳定不随时间变动？,视频是否存在异常光照，即曝光、异常高光或光线不规律变化,,,,,"-1：镜头没有移动或者视频内容在运动,1：非常不稳定，每一帧之间似乎都完全不相关,2：比较不稳定，内容有明显变动，但内容可以认知为一致,3：比较稳定，内容只有轻微变化，变化幅度频率较低,4：非常稳定，静止的背景和主体都不随时间变化","1：光线问题极其严重，使得整个画面显得失真，几乎无法辨识内容，完全破坏观看体验,2：明显的光线问题，如过曝、高光位置异常，开始影响观看体验,3：完全没有或仅有非常微小的曝光差异或高光过亮，需要仔细对比才能发现",,,,
Flower clusters in the purple lavender field in surrealism style.,视频风格是否和文本一致？,,,,,,"-1：提示文本没有规定视频风格，表示此问题作废,1：完全不一致（完全是不同的视频风格，没有任何目标风格的特征）,2：视频表现出一部分目标风格的特征,3：完全一致",,,,,
"Under high-resolution magnification, an ant is carrying a leaf.",视频是否清晰？,,,,,,"-1：文本描述了视频的清晰度,1：视频极度模糊，几乎无法识别图像内容，完全不可用。,2：即使在正常观看距离下也能看到明显的模糊，尤其在动态场景转换时更为明显。,3：视频非常清晰，仅能在细节丰富区域（如头发或边缘）发现轻微的不清晰现象",,,,,
A smooth and clear living room surveillance video with no flicker or noise.,静止的视频内容是否稳定不随时间变动？,视频是否没有噪点？,,,,,"-1：镜头没有移动或者视频内容在运动,1：非常不稳定，每一帧之间似乎都完全不相关,2：比较不稳定，内容有明显变动，但内容可以认知为一致,3：比较稳定，内容只有轻微变化，变化幅度频率较低,4：非常稳定，静止的背景和主体都不随时间变化","1：有很多噪点，非常影响视频观感,2：有一些噪点，能意识到噪点，轻微影响视频观感,3：有极少量噪点，不太能意识到噪点,4：没有噪点",,,,
Deep sea footage with no grain and properly lit.,视频是否没有噪点？,视频是否存在异常光照，即曝光、异常高光或光线不规律变化,,,,,"1：有很多噪点，非常影响视频观感,2：有一些噪点，能意识到噪点，轻微影响视频观感,3：有极少量噪点，不太能意识到噪点,4：没有噪点","1：光线问题极其严重，使得整个画面显得失真，几乎无法辨识内容，完全破坏观看体验,2：明显的光线问题，如过曝、高光位置异常，开始影响观看体验,3：完全没有或仅有非常微小的曝光差异或高光过亮，需要仔细对比才能发现",,,,
Use a jib to film the stage with consistent perspective and stable lighting.,静止的视频内容是否不因镜头移动产生异常扭曲？,视频是否存在异常光照，即曝光、异常高光或光线不规律变化,,,,,"-1：镜头没有移动或者视频内容在运动,1：产生明显扭曲,2：产生轻微扭曲,3：没有异常","1：光线问题极其严重，使得整个画面显得失真，几乎无法辨识内容，完全破坏观看体验,2：明显的光线问题，如过曝、高光位置异常，开始影响观看体验,3：完全没有或仅有非常微小的曝光差异或高光过亮，需要仔细对比才能发现",,,,
"Aerial photography of the city with no geometric distortion, good inter-frame consistency, and high resolution.",静止的视频内容是否不因镜头移动产生异常扭曲？,静止的视频内容是否稳定不随时间变动？,视频是否清晰？,,,,"-1：镜头没有移动或者视频内容在运动,1：产生明显扭曲,2：产生轻微扭曲,3：没有异常","-1：镜头没有移动或者视频内容在运动,1：非常不稳定，每一帧之间似乎都完全不相关,2：比较不稳定，内容有明显变动，但内容可以认知为一致,3：比较稳定，内容只有轻微变化，变化幅度频率较低,4：非常稳定，静止的背景和主体都不随时间变化","-1：文本描述了视频的清晰度,1：视频极度模糊，几乎无法识别图像内容，完全不可用。,2：即使在正常观看距离下也能看到明显的模糊，尤其在动态场景转换时更为明显。,3：视频非常清晰，仅能在细节丰富区域（如头发或边缘）发现轻微的不清晰现象",,,
"A high-speed train races through the fields with a sharp, clear image.",视频是否清晰？,,,,,,"-1：文本描述了视频的清晰度,1：视频极度模糊，几乎无法识别图像内容，完全不可用。,2：即使在正常观看距离下也能看到明显的模糊，尤其在动态场景转换时更为明显。,3：视频非常清晰，仅能在细节丰富区域（如头发或边缘）发现轻微的不清晰现象",,,,,
"The diver enters the water smoothly, with a clear surface and stable lighting.",实体运动过程中是否自然不异常扭曲？,视频是否清晰？,视频是否存在异常光照，即曝光、异常高光或光线不规律变化,,,,"-1：视频不存在运动实体,1：画面中的物体或人物发生极端变形，几乎无法识别原貌，严重影响观看体验。,2：扭曲现象较为明显，特别是在高速运动或特定角度下，导致物体或人物形态显著异常。,3：仅在快速移动或复杂背景下出现细微形变，通常难以被注意到。","-1：文本描述了视频的清晰度,1：视频极度模糊，几乎无法识别图像内容，完全不可用。,2：即使在正常观看距离下也能看到明显的模糊，尤其在动态场景转换时更为明显。,3：视频非常清晰，仅能在细节丰富区域（如头发或边缘）发现轻微的不清晰现象","1：光线问题极其严重，使得整个画面显得失真，几乎无法辨识内容，完全破坏观看体验,2：明显的光线问题，如过曝、高光位置异常，开始影响观看体验,3：完全没有或仅有非常微小的曝光差异或高光过亮，需要仔细对比才能发现",,,
A slide in the playground in woodcut style.,视频风格是否和文本一致？,,,,,,"-1：提示文本没有规定视频风格，表示此问题作废,1：完全不一致（完全是不同的视频风格，没有任何目标风格的特征）,2：视频表现出一部分目标风格的特征,3：完全一致",,,,,
A sculpture in the art gallery in sketch style.,视频风格是否和文本一致？,,,,,,"-1：提示文本没有规定视频风格，表示此问题作废,1：完全不一致（完全是不同的视频风格，没有任何目标风格的特征）,2：视频表现出一部分目标风格的特征,3：完全一致",,,,,
"The ballerina spins and jumps, moving without distortion or shaking.",实体运动过程中是否自然不异常扭曲？,,,,,,"-1：视频不存在运动实体,1：画面中的物体或人物发生极端变形，几乎无法识别原貌，严重影响观看体验。,2：扭曲现象较为明显，特别是在高速运动或特定角度下，导致物体或人物形态显著异常。,3：仅在快速移动或复杂背景下出现细微形变，通常难以被注意到。",,,,,
"The moment a cat's pupils focus, the details are rich and clear.",视频是否清晰？,,,,,,"-1：文本描述了视频的清晰度,1：视频极度模糊，几乎无法识别图像内容，完全不可用。,2：即使在正常观看距离下也能看到明显的模糊，尤其在动态场景转换时更为明显。,3：视频非常清晰，仅能在细节丰富区域（如头发或边缘）发现轻微的不清晰现象",,,,,
"The robot assembles parts with smooth movements, and its spatial structure is fixed.",实体运动过程中是否自然不异常扭曲？,静止的视频内容是否不因镜头移动产生异常扭曲？,,,,,"-1：视频不存在运动实体,1：画面中的物体或人物发生极端变形，几乎无法识别原貌，严重影响观看体验。,2：扭曲现象较为明显，特别是在高速运动或特定角度下，导致物体或人物形态显著异常。,3：仅在快速移动或复杂背景下出现细微形变，通常难以被注意到。","-1：镜头没有移动或者视频内容在运动,1：产生明显扭曲,2：产生轻微扭曲,3：没有异常",,,,
An iceberg in the Arctic glacier in pixel art style.,视频风格是否和文本一致？,,,,,,"-1：提示文本没有规定视频风格，表示此问题作废,1：完全不一致（完全是不同的视频风格，没有任何目标风格的特征）,2：视频表现出一部分目标风格的特征,3：完全一致",,,,,
"The dolphin leaped out of the water with smooth, seamless movements.",实体运动过程中是否自然不异常扭曲？,,,,,,"-1：视频不存在运动实体,1：画面中的物体或人物发生极端变形，几乎无法识别原貌，严重影响观看体验。,2：扭曲现象较为明显，特别是在高速运动或特定角度下，导致物体或人物形态显著异常。,3：仅在快速移动或复杂背景下出现细微形变，通常难以被注意到。",,,,,
An exhibit in the museum in ink wash painting style.,视频风格是否和文本一致？,,,,,,"-1：提示文本没有规定视频风格，表示此问题作废,1：完全不一致（完全是不同的视频风格，没有任何目标风格的特征）,2：视频表现出一部分目标风格的特征,3：完全一致",,,,,
Lady Gaga yawning.,人物是否与文本一致？,动作是否和文本一致？,动作是否真实合理？,,,,"-1：文本没有提及人物形象,1：不一致,2：不完全一致,3：一致","-1：提示文本没有描述动作，表示此问题作废,1：完全不一致,2：目标动作未完成,3：完全一致（描述周期性动作时应当整个视频都一致，一次性动作应当完成）","-1：视频没有出现动作词或对动作的描述,1：完全不合理，现实中无法实现,2：符合逻辑，但不够真实,3：真实合理",,,
"High-resolution aerial photos of forests with trees appearing stable and undistorted, even lighting, and no noise.",视频是否清晰？,静止的视频内容是否不因镜头移动产生异常扭曲？,视频是否存在异常光照，即曝光、异常高光或光线不规律变化,视频是否没有噪点？,,,"-1：文本描述了视频的清晰度,1：视频极度模糊，几乎无法识别图像内容，完全不可用。,2：即使在正常观看距离下也能看到明显的模糊，尤其在动态场景转换时更为明显。,3：视频非常清晰，仅能在细节丰富区域（如头发或边缘）发现轻微的不清晰现象","-1：镜头没有移动或者视频内容在运动,1：产生明显扭曲,2：产生轻微扭曲,3：没有异常","1：光线问题极其严重，使得整个画面显得失真，几乎无法辨识内容，完全破坏观看体验,2：明显的光线问题，如过曝、高光位置异常，开始影响观看体验,3：完全没有或仅有非常微小的曝光差异或高光过亮，需要仔细对比才能发现","1：有很多噪点，非常影响视频观感,2：有一些噪点，能意识到噪点，轻微影响视频观感,3：有极少量噪点，不太能意识到噪点,4：没有噪点",,
A caravan of camels in the Sahara Desert in cartoon style.,视频风格是否和文本一致？,,,,,,"-1：提示文本没有规定视频风格，表示此问题作废,1：完全不一致（完全是不同的视频风格，没有任何目标风格的特征）,2：视频表现出一部分目标风格的特征,3：完全一致",,,,,
"A long shot of the study, with bookshelves that remain stable and undistorted, static without any drifting, and the image is sharp.",静止的视频内容是否不因镜头移动产生异常扭曲？,静止的视频内容是否稳定不随时间变动？,视频是否清晰？,,,,"-1：镜头没有移动或者视频内容在运动,1：产生明显扭曲,2：产生轻微扭曲,3：没有异常","-1：镜头没有移动或者视频内容在运动,1：非常不稳定，每一帧之间似乎都完全不相关,2：比较不稳定，内容有明显变动，但内容可以认知为一致,3：比较稳定，内容只有轻微变化，变化幅度频率较低,4：非常稳定，静止的背景和主体都不随时间变化","-1：文本描述了视频的清晰度,1：视频极度模糊，几乎无法识别图像内容，完全不可用。,2：即使在正常观看距离下也能看到明显的模糊，尤其在动态场景转换时更为明显。,3：视频非常清晰，仅能在细节丰富区域（如头发或边缘）发现轻微的不清晰现象",,,
Michael Jordan standing up.,人物是否与文本一致？,动作是否和文本一致？,动作是否真实合理？,,,,"-1：文本没有提及人物形象,1：不一致,2：不完全一致,3：一致","-1：提示文本没有描述动作，表示此问题作废,1：完全不一致,2：目标动作未完成,3：完全一致（描述周期性动作时应当整个视频都一致，一次性动作应当完成）","-1：视频没有出现动作词或对动作的描述,1：完全不合理，现实中无法实现,2：符合逻辑，但不够真实,3：真实合理",,,
Madonna bending over.,人物是否与文本一致？,动作是否和文本一致？,动作是否真实合理？,,,,"-1：文本没有提及人物形象,1：不一致,2：不完全一致,3：一致","-1：提示文本没有描述动作，表示此问题作废,1：完全不一致,2：目标动作未完成,3：完全一致（描述周期性动作时应当整个视频都一致，一次性动作应当完成）","-1：视频没有出现动作词或对动作的描述,1：完全不合理，现实中无法实现,2：符合逻辑，但不够真实,3：真实合理",,,
A canoe on the Amazon River in pointillism style.,视频风格是否和文本一致？,,,,,,"-1：提示文本没有规定视频风格，表示此问题作废,1：完全不一致（完全是不同的视频风格，没有任何目标风格的特征）,2：视频表现出一部分目标风格的特征,3：完全一致",,,,,
A city gate in Beijing Forbidden City in ukiyo-e style.,视频风格是否和文本一致？,,,,,,"-1：提示文本没有规定视频风格，表示此问题作废,1：完全不一致（完全是不同的视频风格，没有任何目标风格的特征）,2：视频表现出一部分目标风格的特征,3：完全一致",,,,,
Charlie Chaplin hands on hips.,人物是否与文本一致？,动作是否和文本一致？,动作是否真实合理？,,,,"-1：文本没有提及人物形象,1：不一致,2：不完全一致,3：一致","-1：提示文本没有描述动作，表示此问题作废,1：完全不一致,2：目标动作未完成,3：完全一致（描述周期性动作时应当整个视频都一致，一次性动作应当完成）","-1：视频没有出现动作词或对动作的描述,1：完全不合理，现实中无法实现,2：符合逻辑，但不够真实,3：真实合理",,,
"Dark street scene, noise-free, with stable lighting and rich details.",视频是否没有噪点？,视频是否存在异常光照，即曝光、异常高光或光线不规律变化,视频是否清晰？,,,,"1：有很多噪点，非常影响视频观感,2：有一些噪点，能意识到噪点，轻微影响视频观感,3：有极少量噪点，不太能意识到噪点,4：没有噪点","1：光线问题极其严重，使得整个画面显得失真，几乎无法辨识内容，完全破坏观看体验,2：明显的光线问题，如过曝、高光位置异常，开始影响观看体验,3：完全没有或仅有非常微小的曝光差异或高光过亮，需要仔细对比才能发现","-1：文本描述了视频的清晰度,1：视频极度模糊，几乎无法识别图像内容，完全不可用。,2：即使在正常观看距离下也能看到明显的模糊，尤其在动态场景转换时更为明显。,3：视频非常清晰，仅能在细节丰富区域（如头发或边缘）发现轻微的不清晰现象",,,
A person smiling.,动作是否和文本一致？,动作是否真实合理？,视频中人的生成质量如何？,,,,"-1：提示文本没有描述动作，表示此问题作废,1：完全不一致,2：目标动作未完成,3：完全一致（描述周期性动作时应当整个视频都一致，一次性动作应当完成）","-1：视频没有出现动作词或对动作的描述,1：完全不合理，现实中无法实现,2：符合逻辑，但不够真实,3：真实合理","-1：视频中没有出现人,1：质量非常差，勉强有人形,2：质量差，肢体扭曲,3：质量一般，有一些形变,4：质量好，仅有一些微小的不易察觉的异常,5：质量非常好，没有异常",,,
"The ballerina spins smoothly, with clear textures in her costume, and the background remains still without any blur.",实体运动过程中是否自然不异常扭曲？,视频是否清晰？,静止的视频内容是否稳定不随时间变动？,,,,"-1：视频不存在运动实体,1：画面中的物体或人物发生极端变形，几乎无法识别原貌，严重影响观看体验。,2：扭曲现象较为明显，特别是在高速运动或特定角度下，导致物体或人物形态显著异常。,3：仅在快速移动或复杂背景下出现细微形变，通常难以被注意到。","-1：文本描述了视频的清晰度,1：视频极度模糊，几乎无法识别图像内容，完全不可用。,2：即使在正常观看距离下也能看到明显的模糊，尤其在动态场景转换时更为明显。,3：视频非常清晰，仅能在细节丰富区域（如头发或边缘）发现轻微的不清晰现象","-1：镜头没有移动或者视频内容在运动,1：非常不稳定，每一帧之间似乎都完全不相关,2：比较不稳定，内容有明显变动，但内容可以认知为一致,3：比较稳定，内容只有轻微变化，变化幅度频率较低,4：非常稳定，静止的背景和主体都不随时间变化",,,
"The sunrise in the forest is normal in terms of lighting, with natural shadows and rich details.",视频是否存在异常光照，即曝光、异常高光或光线不规律变化,视频是否清晰？,,,,,"1：光线问题极其严重，使得整个画面显得失真，几乎无法辨识内容，完全破坏观看体验,2：明显的光线问题，如过曝、高光位置异常，开始影响观看体验,3：完全没有或仅有非常微小的曝光差异或高光过亮，需要仔细对比才能发现","-1：文本描述了视频的清晰度,1：视频极度模糊，几乎无法识别图像内容，完全不可用。,2：即使在正常观看距离下也能看到明显的模糊，尤其在动态场景转换时更为明显。,3：视频非常清晰，仅能在细节丰富区域（如头发或边缘）发现轻微的不清晰现象",,,,
"A common kestrel is circling in the blue sky, with the scene being clear.",视频是否清晰？,,,,,,"-1：文本描述了视频的清晰度,1：视频极度模糊，几乎无法识别图像内容，完全不可用。,2：即使在正常观看距离下也能看到明显的模糊，尤其在动态场景转换时更为明显。,3：视频非常清晰，仅能在细节丰富区域（如头发或边缘）发现轻微的不清晰现象",,,,,
"Dark city nightscapes, noise-free, with even exposure, sharp images, and consistent frame-to-frame quality.",视频是否没有噪点？,视频是否存在异常光照，即曝光、异常高光或光线不规律变化,视频是否清晰？,静止的视频内容是否稳定不随时间变动？,,,"1：有很多噪点，非常影响视频观感,2：有一些噪点，能意识到噪点，轻微影响视频观感,3：有极少量噪点，不太能意识到噪点,4：没有噪点","1：光线问题极其严重，使得整个画面显得失真，几乎无法辨识内容，完全破坏观看体验,2：明显的光线问题，如过曝、高光位置异常，开始影响观看体验,3：完全没有或仅有非常微小的曝光差异或高光过亮，需要仔细对比才能发现","-1：文本描述了视频的清晰度,1：视频极度模糊，几乎无法识别图像内容，完全不可用。,2：即使在正常观看距离下也能看到明显的模糊，尤其在动态场景转换时更为明显。,3：视频非常清晰，仅能在细节丰富区域（如头发或边缘）发现轻微的不清晰现象","-1：镜头没有移动或者视频内容在运动,1：非常不稳定，每一帧之间似乎都完全不相关,2：比较不稳定，内容有明显变动，但内容可以认知为一致,3：比较稳定，内容只有轻微变化，变化幅度频率较低,4：非常稳定，静止的背景和主体都不随时间变化",,
"The drone flew through the canyon with a stable spatial structure, producing sharp images without flicker and with consistent lighting.",静止的视频内容是否不因镜头移动产生异常扭曲？,视频是否清晰？,静止的视频内容是否稳定不随时间变动？,视频是否存在异常光照，即曝光、异常高光或光线不规律变化,,,"-1：镜头没有移动或者视频内容在运动,1：产生明显扭曲,2：产生轻微扭曲,3：没有异常","-1：文本描述了视频的清晰度,1：视频极度模糊，几乎无法识别图像内容，完全不可用。,2：即使在正常观看距离下也能看到明显的模糊，尤其在动态场景转换时更为明显。,3：视频非常清晰，仅能在细节丰富区域（如头发或边缘）发现轻微的不清晰现象","-1：镜头没有移动或者视频内容在运动,1：非常不稳定，每一帧之间似乎都完全不相关,2：比较不稳定，内容有明显变动，但内容可以认知为一致,3：比较稳定，内容只有轻微变化，变化幅度频率较低,4：非常稳定，静止的背景和主体都不随时间变化","1：光线问题极其严重，使得整个画面显得失真，几乎无法辨识内容，完全破坏观看体验,2：明显的光线问题，如过曝、高光位置异常，开始影响观看体验,3：完全没有或仅有非常微小的曝光差异或高光过亮，需要仔细对比才能发现",,
"Microscopic photography of butterfly wings, with rich details, pure texture, and consistent frame-to-frame quality.",视频是否清晰？,视频是否没有噪点？,静止的视频内容是否稳定不随时间变动？,,,,"-1：文本描述了视频的清晰度,1：视频极度模糊，几乎无法识别图像内容，完全不可用。,2：即使在正常观看距离下也能看到明显的模糊，尤其在动态场景转换时更为明显。,3：视频非常清晰，仅能在细节丰富区域（如头发或边缘）发现轻微的不清晰现象","1：有很多噪点，非常影响视频观感,2：有一些噪点，能意识到噪点，轻微影响视频观感,3：有极少量噪点，不太能意识到噪点,4：没有噪点","-1：镜头没有移动或者视频内容在运动,1：非常不稳定，每一帧之间似乎都完全不相关,2：比较不稳定，内容有明显变动，但内容可以认知为一致,3：比较稳定，内容只有轻微变化，变化幅度频率较低,4：非常稳定，静止的背景和主体都不随时间变化",,,
"Microscopic cell photography, rich in detail, with clean textures, consistent frame-to-frame, and stable lighting.",视频是否清晰？,视频是否没有噪点？,静止的视频内容是否稳定不随时间变动？,视频是否存在异常光照，即曝光、异常高光或光线不规律变化,,,"-1：文本描述了视频的清晰度,1：视频极度模糊，几乎无法识别图像内容，完全不可用。,2：即使在正常观看距离下也能看到明显的模糊，尤其在动态场景转换时更为明显。,3：视频非常清晰，仅能在细节丰富区域（如头发或边缘）发现轻微的不清晰现象","1：有很多噪点，非常影响视频观感,2：有一些噪点，能意识到噪点，轻微影响视频观感,3：有极少量噪点，不太能意识到噪点,4：没有噪点","-1：镜头没有移动或者视频内容在运动,1：非常不稳定，每一帧之间似乎都完全不相关,2：比较不稳定，内容有明显变动，但内容可以认知为一致,3：比较稳定，内容只有轻微变化，变化幅度频率较低,4：非常稳定，静止的背景和主体都不随时间变化","1：光线问题极其严重，使得整个画面显得失真，几乎无法辨识内容，完全破坏观看体验,2：明显的光线问题，如过曝、高光位置异常，开始影响观看体验,3：完全没有或仅有非常微小的曝光差异或高光过亮，需要仔细对比才能发现",,
The wings of a butterfly under a microscope reveal intricate textures in clear detail.,视频是否清晰？,,,,,,"-1：文本描述了视频的清晰度,1：视频极度模糊，几乎无法识别图像内容，完全不可用。,2：即使在正常观看距离下也能看到明显的模糊，尤其在动态场景转换时更为明显。,3：视频非常清晰，仅能在细节丰富区域（如头发或边缘）发现轻微的不清晰现象",,,,,
"Close-up of the wrinkles on an elderly person's face, with high-resolution skin texture.",视频是否清晰？,,,,,,"-1：文本描述了视频的清晰度,1：视频极度模糊，几乎无法识别图像内容，完全不可用。,2：即使在正常观看距离下也能看到明显的模糊，尤其在动态场景转换时更为明显。,3：视频非常清晰，仅能在细节丰富区域（如头发或边缘）发现轻微的不清晰现象",,,,,
"The sunrise at the mountain top has normal lighting, a clear picture, a constant static background, and no noise.",视频是否存在异常光照，即曝光、异常高光或光线不规律变化,视频是否清晰？,静止的视频内容是否稳定不随时间变动？,视频是否没有噪点？,,,"1：光线问题极其严重，使得整个画面显得失真，几乎无法辨识内容，完全破坏观看体验,2：明显的光线问题，如过曝、高光位置异常，开始影响观看体验,3：完全没有或仅有非常微小的曝光差异或高光过亮，需要仔细对比才能发现","-1：文本描述了视频的清晰度,1：视频极度模糊，几乎无法识别图像内容，完全不可用。,2：即使在正常观看距离下也能看到明显的模糊，尤其在动态场景转换时更为明显。,3：视频非常清晰，仅能在细节丰富区域（如头发或边缘）发现轻微的不清晰现象","-1：镜头没有移动或者视频内容在运动,1：非常不稳定，每一帧之间似乎都完全不相关,2：比较不稳定，内容有明显变动，但内容可以认知为一致,3：比较稳定，内容只有轻微变化，变化幅度频率较低,4：非常稳定，静止的背景和主体都不随时间变化","1：有很多噪点，非常影响视频观感,2：有一些噪点，能意识到噪点，轻微影响视频观感,3：有极少量噪点，不太能意识到噪点,4：没有噪点",,
"A droplet falls onto a lotus leaf in ultra-slow motion, revealing rich details.",视频是否清晰？,,,,,,"-1：文本描述了视频的清晰度,1：视频极度模糊，几乎无法识别图像内容，完全不可用。,2：即使在正常观看距离下也能看到明显的模糊，尤其在动态场景转换时更为明显。,3：视频非常清晰，仅能在细节丰富区域（如头发或边缘）发现轻微的不清晰现象",,,,,
"An elderly person is reading with clear facial details, natural movements, normal lighting, and a stable background.",视频是否清晰？,实体运动过程中是否自然不异常扭曲？,视频是否存在异常光照，即曝光、异常高光或光线不规律变化,静止的视频内容是否稳定不随时间变动？,,,"-1：文本描述了视频的清晰度,1：视频极度模糊，几乎无法识别图像内容，完全不可用。,2：即使在正常观看距离下也能看到明显的模糊，尤其在动态场景转换时更为明显。,3：视频非常清晰，仅能在细节丰富区域（如头发或边缘）发现轻微的不清晰现象","-1：视频不存在运动实体,1：画面中的物体或人物发生极端变形，几乎无法识别原貌，严重影响观看体验。,2：扭曲现象较为明显，特别是在高速运动或特定角度下，导致物体或人物形态显著异常。,3：仅在快速移动或复杂背景下出现细微形变，通常难以被注意到。","1：光线问题极其严重，使得整个画面显得失真，几乎无法辨识内容，完全破坏观看体验,2：明显的光线问题，如过曝、高光位置异常，开始影响观看体验,3：完全没有或仅有非常微小的曝光差异或高光过亮，需要仔细对比才能发现","-1：镜头没有移动或者视频内容在运动,1：非常不稳定，每一帧之间似乎都完全不相关,2：比较不稳定，内容有明显变动，但内容可以认知为一致,3：比较稳定，内容只有轻微变化，变化幅度频率较低,4：非常稳定，静止的背景和主体都不随时间变化",,
"Aerial photography of the city at night, with sharp lights that are not blurry.",视频是否清晰？,,,,,,"-1：文本描述了视频的清晰度,1：视频极度模糊，几乎无法识别图像内容，完全不可用。,2：即使在正常观看距离下也能看到明显的模糊，尤其在动态场景转换时更为明显。,3：视频非常清晰，仅能在细节丰富区域（如头发或边缘）发现轻微的不清晰现象",,,,,
"The rocket launches into the sky with smooth motion, no distortion, the tail flame is not overexposed, and the signal is clean.",实体运动过程中是否自然不异常扭曲？,视频是否存在异常光照，即曝光、异常高光或光线不规律变化,视频是否没有噪点？,,,,"-1：视频不存在运动实体,1：画面中的物体或人物发生极端变形，几乎无法识别原貌，严重影响观看体验。,2：扭曲现象较为明显，特别是在高速运动或特定角度下，导致物体或人物形态显著异常。,3：仅在快速移动或复杂背景下出现细微形变，通常难以被注意到。","1：光线问题极其严重，使得整个画面显得失真，几乎无法辨识内容，完全破坏观看体验,2：明显的光线问题，如过曝、高光位置异常，开始影响观看体验,3：完全没有或仅有非常微小的曝光差异或高光过亮，需要仔细对比才能发现","1：有很多噪点，非常影响视频观感,2：有一些噪点，能意识到噪点，轻微影响视频观感,3：有极少量噪点，不太能意识到噪点,4：没有噪点",,,
Clear and vividly colored nebula photographs taken by a space telescope.,视频是否清晰？,,,,,,"-1：文本描述了视频的清晰度,1：视频极度模糊，几乎无法识别图像内容，完全不可用。,2：即使在正常观看距离下也能看到明显的模糊，尤其在动态场景转换时更为明显。,3：视频非常清晰，仅能在细节丰富区域（如头发或边缘）发现轻微的不清晰现象",,,,,
"The star trail delay is well consistent between frames, with clean signals, even exposure, and rich details.",静止的视频内容是否稳定不随时间变动？,视频是否没有噪点？,视频是否存在异常光照，即曝光、异常高光或光线不规律变化,视频是否清晰？,,,"-1：镜头没有移动或者视频内容在运动,1：非常不稳定，每一帧之间似乎都完全不相关,2：比较不稳定，内容有明显变动，但内容可以认知为一致,3：比较稳定，内容只有轻微变化，变化幅度频率较低,4：非常稳定，静止的背景和主体都不随时间变化","1：有很多噪点，非常影响视频观感,2：有一些噪点，能意识到噪点，轻微影响视频观感,3：有极少量噪点，不太能意识到噪点,4：没有噪点","1：光线问题极其严重，使得整个画面显得失真，几乎无法辨识内容，完全破坏观看体验,2：明显的光线问题，如过曝、高光位置异常，开始影响观看体验,3：完全没有或仅有非常微小的曝光差异或高光过亮，需要仔细对比才能发现","-1：文本描述了视频的清晰度,1：视频极度模糊，几乎无法识别图像内容，完全不可用。,2：即使在正常观看距离下也能看到明显的模糊，尤其在动态场景转换时更为明显。,3：视频非常清晰，仅能在细节丰富区域（如头发或边缘）发现轻微的不清晰现象",,
"Walking in the snow, the movement is natural, the picture is clean, and the static background is constant.",实体运动过程中是否自然不异常扭曲？,视频是否没有噪点？,静止的视频内容是否稳定不随时间变动？,,,,"-1：视频不存在运动实体,1：画面中的物体或人物发生极端变形，几乎无法识别原貌，严重影响观看体验。,2：扭曲现象较为明显，特别是在高速运动或特定角度下，导致物体或人物形态显著异常。,3：仅在快速移动或复杂背景下出现细微形变，通常难以被注意到。","1：有很多噪点，非常影响视频观感,2：有一些噪点，能意识到噪点，轻微影响视频观感,3：有极少量噪点，不太能意识到噪点,4：没有噪点","-1：镜头没有移动或者视频内容在运动,1：非常不稳定，每一帧之间似乎都完全不相关,2：比较不稳定，内容有明显变动，但内容可以认知为一致,3：比较稳定，内容只有轻微变化，变化幅度频率较低,4：非常稳定，静止的背景和主体都不随时间变化",,,
The text on the ancient books has been scanned at high resolution and is clear and legible.,视频是否清晰？,,,,,,"-1：文本描述了视频的清晰度,1：视频极度模糊，几乎无法识别图像内容，完全不可用。,2：即使在正常观看距离下也能看到明显的模糊，尤其在动态场景转换时更为明显。,3：视频非常清晰，仅能在细节丰富区域（如头发或边缘）发现轻微的不清晰现象",,,,,
"An elderly person is reading with clear facial details, natural movements, and normal lighting.",视频是否清晰？,实体运动过程中是否自然不异常扭曲？,视频是否存在异常光照，即曝光、异常高光或光线不规律变化,,,,"-1：文本描述了视频的清晰度,1：视频极度模糊，几乎无法识别图像内容，完全不可用。,2：即使在正常观看距离下也能看到明显的模糊，尤其在动态场景转换时更为明显。,3：视频非常清晰，仅能在细节丰富区域（如头发或边缘）发现轻微的不清晰现象","-1：视频不存在运动实体,1：画面中的物体或人物发生极端变形，几乎无法识别原貌，严重影响观看体验。,2：扭曲现象较为明显，特别是在高速运动或特定角度下，导致物体或人物形态显著异常。,3：仅在快速移动或复杂背景下出现细微形变，通常难以被注意到。","1：光线问题极其严重，使得整个画面显得失真，几乎无法辨识内容，完全破坏观看体验,2：明显的光线问题，如过曝、高光位置异常，开始影响观看体验,3：完全没有或仅有非常微小的曝光差异或高光过亮，需要仔细对比才能发现",,,
Birds flap their wings to fly without distorting their wing movement.,实体运动过程中是否自然不异常扭曲？,,,,,,"-1：视频不存在运动实体,1：画面中的物体或人物发生极端变形，几乎无法识别原貌，严重影响观看体验。,2：扭曲现象较为明显，特别是在高速运动或特定角度下，导致物体或人物形态显著异常。,3：仅在快速移动或复杂背景下出现细微形变，通常难以被注意到。",,,,,
"The ballet dancers perform with smooth movements, their costumes have clear textures, and the background remains constant without any noise.",实体运动过程中是否自然不异常扭曲？,视频是否清晰？,静止的视频内容是否稳定不随时间变动？,视频是否没有噪点？,,,"-1：视频不存在运动实体,1：画面中的物体或人物发生极端变形，几乎无法识别原貌，严重影响观看体验。,2：扭曲现象较为明显，特别是在高速运动或特定角度下，导致物体或人物形态显著异常。,3：仅在快速移动或复杂背景下出现细微形变，通常难以被注意到。","-1：文本描述了视频的清晰度,1：视频极度模糊，几乎无法识别图像内容，完全不可用。,2：即使在正常观看距离下也能看到明显的模糊，尤其在动态场景转换时更为明显。,3：视频非常清晰，仅能在细节丰富区域（如头发或边缘）发现轻微的不清晰现象","-1：镜头没有移动或者视频内容在运动,1：非常不稳定，每一帧之间似乎都完全不相关,2：比较不稳定，内容有明显变动，但内容可以认知为一致,3：比较稳定，内容只有轻微变化，变化幅度频率较低,4：非常稳定，静止的背景和主体都不随时间变化","1：有很多噪点，非常影响视频观感,2：有一些噪点，能意识到噪点，轻微影响视频观感,3：有极少量噪点，不太能意识到噪点,4：没有噪点",,
Arnold Schwarzenegger writing.,人物是否与文本一致？,动作是否和文本一致？,动作是否真实合理？,,,,"-1：文本没有提及人物形象,1：不一致,2：不完全一致,3：一致","-1：提示文本没有描述动作，表示此问题作废,1：完全不一致,2：目标动作未完成,3：完全一致（描述周期性动作时应当整个视频都一致，一次性动作应当完成）","-1：视频没有出现动作词或对动作的描述,1：完全不合理，现实中无法实现,2：符合逻辑，但不够真实,3：真实合理",,,
Evenly lit studio portrait with clear skin texture and no shaking.,视频是否存在异常光照，即曝光、异常高光或光线不规律变化,视频是否清晰？,实体运动过程中是否自然不异常扭曲？,,,,"1：光线问题极其严重，使得整个画面显得失真，几乎无法辨识内容，完全破坏观看体验,2：明显的光线问题，如过曝、高光位置异常，开始影响观看体验,3：完全没有或仅有非常微小的曝光差异或高光过亮，需要仔细对比才能发现","-1：文本描述了视频的清晰度,1：视频极度模糊，几乎无法识别图像内容，完全不可用。,2：即使在正常观看距离下也能看到明显的模糊，尤其在动态场景转换时更为明显。,3：视频非常清晰，仅能在细节丰富区域（如头发或边缘）发现轻微的不清晰现象","-1：视频不存在运动实体,1：画面中的物体或人物发生极端变形，几乎无法识别原貌，严重影响观看体验。,2：扭曲现象较为明显，特别是在高速运动或特定角度下，导致物体或人物形态显著异常。,3：仅在快速移动或复杂背景下出现细微形变，通常难以被注意到。",,,
"The dolphin leaps out of the water smoothly, with rich details of the seawater and stable lighting.",实体运动过程中是否自然不异常扭曲？,视频是否清晰？,视频是否存在异常光照，即曝光、异常高光或光线不规律变化,,,,"-1：视频不存在运动实体,1：画面中的物体或人物发生极端变形，几乎无法识别原貌，严重影响观看体验。,2：扭曲现象较为明显，特别是在高速运动或特定角度下，导致物体或人物形态显著异常。,3：仅在快速移动或复杂背景下出现细微形变，通常难以被注意到。","-1：文本描述了视频的清晰度,1：视频极度模糊，几乎无法识别图像内容，完全不可用。,2：即使在正常观看距离下也能看到明显的模糊，尤其在动态场景转换时更为明显。,3：视频非常清晰，仅能在细节丰富区域（如头发或边缘）发现轻微的不清晰现象","1：光线问题极其严重，使得整个画面显得失真，几乎无法辨识内容，完全破坏观看体验,2：明显的光线问题，如过曝、高光位置异常，开始影响观看体验,3：完全没有或仅有非常微小的曝光差异或高光过亮，需要仔细对比才能发现",,,
"A delivery man hands a package at the doorway, with a polite smile, wearing an orange uniform and cap, body standing on the doorstep.",视频中人的生成质量如何？,,,,,,"-1：视频中没有出现人,1：质量非常差，勉强有人形,2：质量差，肢体扭曲,3：质量一般，有一些形变,4：质量好，仅有一些微小的不易察觉的异常,5：质量非常好，没有异常",,,,,
"The starry sky telescope images are rich in detail, have clean signals, and show consistency from frame to frame.",视频是否清晰？,视频是否没有噪点？,静止的视频内容是否稳定不随时间变动？,,,,"-1：文本描述了视频的清晰度,1：视频极度模糊，几乎无法识别图像内容，完全不可用。,2：即使在正常观看距离下也能看到明显的模糊，尤其在动态场景转换时更为明显。,3：视频非常清晰，仅能在细节丰富区域（如头发或边缘）发现轻微的不清晰现象","1：有很多噪点，非常影响视频观感,2：有一些噪点，能意识到噪点，轻微影响视频观感,3：有极少量噪点，不太能意识到噪点,4：没有噪点","-1：镜头没有移动或者视频内容在运动,1：非常不稳定，每一帧之间似乎都完全不相关,2：比较不稳定，内容有明显变动，但内容可以认知为一致,3：比较稳定，内容只有轻微变化，变化幅度频率较低,4：非常稳定，静止的背景和主体都不随时间变化",,,
"The diver's movements are smooth, the water surface is clear, the lighting is stable, and there is no flicker.",实体运动过程中是否自然不异常扭曲？,视频是否清晰？,视频是否存在异常光照，即曝光、异常高光或光线不规律变化,静止的视频内容是否稳定不随时间变动？,,,"-1：视频不存在运动实体,1：画面中的物体或人物发生极端变形，几乎无法识别原貌，严重影响观看体验。,2：扭曲现象较为明显，特别是在高速运动或特定角度下，导致物体或人物形态显著异常。,3：仅在快速移动或复杂背景下出现细微形变，通常难以被注意到。","-1：文本描述了视频的清晰度,1：视频极度模糊，几乎无法识别图像内容，完全不可用。,2：即使在正常观看距离下也能看到明显的模糊，尤其在动态场景转换时更为明显。,3：视频非常清晰，仅能在细节丰富区域（如头发或边缘）发现轻微的不清晰现象","1：光线问题极其严重，使得整个画面显得失真，几乎无法辨识内容，完全破坏观看体验,2：明显的光线问题，如过曝、高光位置异常，开始影响观看体验,3：完全没有或仅有非常微小的曝光差异或高光过亮，需要仔细对比才能发现","-1：镜头没有移动或者视频内容在运动,1：非常不稳定，每一帧之间似乎都完全不相关,2：比较不稳定，内容有明显变动，但内容可以认知为一致,3：比较稳定，内容只有轻微变化，变化幅度频率较低,4：非常稳定，静止的背景和主体都不随时间变化",,
"A tracking shot of the study shows the bookshelves with unchanged geometric shapes, remaining static and constant, with a sharp image and stable lighting.",静止的视频内容是否不因镜头移动产生异常扭曲？,静止的视频内容是否稳定不随时间变动？,视频是否清晰？,视频是否存在异常光照，即曝光、异常高光或光线不规律变化,,,"-1：镜头没有移动或者视频内容在运动,1：产生明显扭曲,2：产生轻微扭曲,3：没有异常","-1：镜头没有移动或者视频内容在运动,1：非常不稳定，每一帧之间似乎都完全不相关,2：比较不稳定，内容有明显变动，但内容可以认知为一致,3：比较稳定，内容只有轻微变化，变化幅度频率较低,4：非常稳定，静止的背景和主体都不随时间变化","-1：文本描述了视频的清晰度,1：视频极度模糊，几乎无法识别图像内容，完全不可用。,2：即使在正常观看距离下也能看到明显的模糊，尤其在动态场景转换时更为明显。,3：视频非常清晰，仅能在细节丰富区域（如头发或边缘）发现轻微的不清晰现象","1：光线问题极其严重，使得整个画面显得失真，几乎无法辨识内容，完全破坏观看体验,2：明显的光线问题，如过曝、高光位置异常，开始影响观看体验,3：完全没有或仅有非常微小的曝光差异或高光过亮，需要仔细对比才能发现",,
"The city night scene time-lapse has good consistency between frames, no noise, and even exposure.",静止的视频内容是否稳定不随时间变动？,视频是否没有噪点？,视频是否存在异常光照，即曝光、异常高光或光线不规律变化,,,,"-1：镜头没有移动或者视频内容在运动,1：非常不稳定，每一帧之间似乎都完全不相关,2：比较不稳定，内容有明显变动，但内容可以认知为一致,3：比较稳定，内容只有轻微变化，变化幅度频率较低,4：非常稳定，静止的背景和主体都不随时间变化","1：有很多噪点，非常影响视频观感,2：有一些噪点，能意识到噪点，轻微影响视频观感,3：有极少量噪点，不太能意识到噪点,4：没有噪点","1：光线问题极其严重，使得整个画面显得失真，几乎无法辨识内容，完全破坏观看体验,2：明显的光线问题，如过曝、高光位置异常，开始影响观看体验,3：完全没有或仅有非常微小的曝光差异或高光过亮，需要仔细对比才能发现",,,
"Cave stalactites, with a clean composition, geometric shapes that are not distorted, and stable lighting.",视频是否没有噪点？,静止的视频内容是否不因镜头移动产生异常扭曲？,视频是否存在异常光照，即曝光、异常高光或光线不规律变化,,,,"1：有很多噪点，非常影响视频观感,2：有一些噪点，能意识到噪点，轻微影响视频观感,3：有极少量噪点，不太能意识到噪点,4：没有噪点","-1：镜头没有移动或者视频内容在运动,1：产生明显扭曲,2：产生轻微扭曲,3：没有异常","1：光线问题极其严重，使得整个画面显得失真，几乎无法辨识内容，完全破坏观看体验,2：明显的光线问题，如过曝、高光位置异常，开始影响观看体验,3：完全没有或仅有非常微小的曝光差异或高光过亮，需要仔细对比才能发现",,,
"Microscopic photography of cell division, with rich details, natural movement, clean texture, consistent frames, and stable lighting.",视频是否清晰？,实体运动过程中是否自然不异常扭曲？,视频是否没有噪点？,静止的视频内容是否稳定不随时间变动？,视频是否存在异常光照，即曝光、异常高光或光线不规律变化,,"-1：文本描述了视频的清晰度,1：视频极度模糊，几乎无法识别图像内容，完全不可用。,2：即使在正常观看距离下也能看到明显的模糊，尤其在动态场景转换时更为明显。,3：视频非常清晰，仅能在细节丰富区域（如头发或边缘）发现轻微的不清晰现象","-1：视频不存在运动实体,1：画面中的物体或人物发生极端变形，几乎无法识别原貌，严重影响观看体验。,2：扭曲现象较为明显，特别是在高速运动或特定角度下，导致物体或人物形态显著异常。,3：仅在快速移动或复杂背景下出现细微形变，通常难以被注意到。","1：有很多噪点，非常影响视频观感,2：有一些噪点，能意识到噪点，轻微影响视频观感,3：有极少量噪点，不太能意识到噪点,4：没有噪点","-1：镜头没有移动或者视频内容在运动,1：非常不稳定，每一帧之间似乎都完全不相关,2：比较不稳定，内容有明显变动，但内容可以认知为一致,3：比较稳定，内容只有轻微变化，变化幅度频率较低,4：非常稳定，静止的背景和主体都不随时间变化","1：光线问题极其严重，使得整个画面显得失真，几乎无法辨识内容，完全破坏观看体验,2：明显的光线问题，如过曝、高光位置异常，开始影响观看体验,3：完全没有或仅有非常微小的曝光差异或高光过亮，需要仔细对比才能发现",
Barack Obama chewing.,人物是否与文本一致？,动作是否和文本一致？,动作是否真实合理？,,,,"-1：文本没有提及人物形象,1：不一致,2：不完全一致,3：一致","-1：提示文本没有描述动作，表示此问题作废,1：完全不一致,2：目标动作未完成,3：完全一致（描述周期性动作时应当整个视频都一致，一次性动作应当完成）","-1：视频没有出现动作词或对动作的描述,1：完全不合理，现实中无法实现,2：符合逻辑，但不够真实,3：真实合理",,,
Elon Musk sitting down.,人物是否与文本一致？,动作是否和文本一致？,动作是否真实合理？,,,,"-1：文本没有提及人物形象,1：不一致,2：不完全一致,3：一致","-1：提示文本没有描述动作，表示此问题作废,1：完全不一致,2：目标动作未完成,3：完全一致（描述周期性动作时应当整个视频都一致，一次性动作应当完成）","-1：视频没有出现动作词或对动作的描述,1：完全不合理，现实中无法实现,2：符合逻辑，但不够真实,3：真实合理",,,
"A mother pushes a stroller at the mall entrance, smiling down at her child, body slightly leaning forward, wearing a light coat and jeans, stopped beside the automatic door.",视频中人的生成质量如何？,,,,,,"-1：视频中没有出现人,1：质量非常差，勉强有人形,2：质量差，肢体扭曲,3：质量一般，有一些形变,4：质量好，仅有一些微小的不易察觉的异常,5：质量非常好，没有异常",,,,,
A person holding a book.,动作是否和文本一致？,动作是否真实合理？,视频中人的生成质量如何？,,,,"-1：提示文本没有描述动作，表示此问题作废,1：完全不一致,2：目标动作未完成,3：完全一致（描述周期性动作时应当整个视频都一致，一次性动作应当完成）","-1：视频没有出现动作词或对动作的描述,1：完全不合理，现实中无法实现,2：符合逻辑，但不够真实,3：真实合理","-1：视频中没有出现人,1：质量非常差，勉强有人形,2：质量差，肢体扭曲,3：质量一般，有一些形变,4：质量好，仅有一些微小的不易察觉的异常,5：质量非常好，没有异常",,,
"The child kicks a soccer ball, with natural movements and no abnormal bending of the joints.",实体运动过程中是否自然不异常扭曲？,,,,,,"-1：视频不存在运动实体,1：画面中的物体或人物发生极端变形，几乎无法识别原貌，严重影响观看体验。,2：扭曲现象较为明显，特别是在高速运动或特定角度下，导致物体或人物形态显著异常。,3：仅在快速移动或复杂背景下出现细微形变，通常难以被注意到。",,,,,
"Timelapse star photography with clear images, natural motion (star trails), no noise, stable lighting, and consistent frames.",视频是否清晰？,实体运动过程中是否自然不异常扭曲？,视频是否没有噪点？,视频是否存在异常光照，即曝光、异常高光或光线不规律变化,静止的视频内容是否稳定不随时间变动？,,"-1：文本描述了视频的清晰度,1：视频极度模糊，几乎无法识别图像内容，完全不可用。,2：即使在正常观看距离下也能看到明显的模糊，尤其在动态场景转换时更为明显。,3：视频非常清晰，仅能在细节丰富区域（如头发或边缘）发现轻微的不清晰现象","-1：视频不存在运动实体,1：画面中的物体或人物发生极端变形，几乎无法识别原貌，严重影响观看体验。,2：扭曲现象较为明显，特别是在高速运动或特定角度下，导致物体或人物形态显著异常。,3：仅在快速移动或复杂背景下出现细微形变，通常难以被注意到。","1：有很多噪点，非常影响视频观感,2：有一些噪点，能意识到噪点，轻微影响视频观感,3：有极少量噪点，不太能意识到噪点,4：没有噪点","1：光线问题极其严重，使得整个画面显得失真，几乎无法辨识内容，完全破坏观看体验,2：明显的光线问题，如过曝、高光位置异常，开始影响观看体验,3：完全没有或仅有非常微小的曝光差异或高光过亮，需要仔细对比才能发现","-1：镜头没有移动或者视频内容在运动,1：非常不稳定，每一帧之间似乎都完全不相关,2：比较不稳定，内容有明显变动，但内容可以认知为一致,3：比较稳定，内容只有轻微变化，变化幅度频率较低,4：非常稳定，静止的背景和主体都不随时间变化",
A cheetah runs smoothly and naturally.,实体运动过程中是否自然不异常扭曲？,,,,,,"-1：视频不存在运动实体,1：画面中的物体或人物发生极端变形，几乎无法识别原貌，严重影响观看体验。,2：扭曲现象较为明显，特别是在高速运动或特定角度下，导致物体或人物形态显著异常。,3：仅在快速移动或复杂背景下出现细微形变，通常难以被注意到。",,,,,
"A dancer balances on one leg at the center of the stage, arms gracefully extended, with a confident smile, wearing a black fitted leotard, body slightly rotated.",视频中人的生成质量如何？,,,,,,"-1：视频中没有出现人,1：质量非常差，勉强有人形,2：质量差，肢体扭曲,3：质量一般，有一些形变,4：质量好，仅有一些微小的不易察觉的异常,5：质量非常好，没有异常",,,,,
A person making a phone call.,动作是否和文本一致？,动作是否真实合理？,视频中人的生成质量如何？,,,,"-1：提示文本没有描述动作，表示此问题作废,1：完全不一致,2：目标动作未完成,3：完全一致（描述周期性动作时应当整个视频都一致，一次性动作应当完成）","-1：视频没有出现动作词或对动作的描述,1：完全不合理，现实中无法实现,2：符合逻辑，但不够真实,3：真实合理","-1：视频中没有出现人,1：质量非常差，勉强有人形,2：质量差，肢体扭曲,3：质量一般，有一些形变,4：质量好，仅有一些微小的不易察觉的异常,5：质量非常好，没有异常",,,
Kobe Bryant turning around.,人物是否与文本一致？,动作是否和文本一致？,动作是否真实合理？,,,,"-1：文本没有提及人物形象,1：不一致,2：不完全一致,3：一致","-1：提示文本没有描述动作，表示此问题作废,1：完全不一致,2：目标动作未完成,3：完全一致（描述周期性动作时应当整个视频都一致，一次性动作应当完成）","-1：视频没有出现动作词或对动作的描述,1：完全不合理，现实中无法实现,2：符合逻辑，但不够真实,3：真实合理",,,
"A female teacher points to the whiteboard at the podium, with a friendly smile, wearing a light shirt and black skirt, body slightly angled toward the students.",视频中人的生成质量如何？,,,,,,"-1：视频中没有出现人,1：质量非常差，勉强有人形,2：质量差，肢体扭曲,3：质量一般，有一些形变,4：质量好，仅有一些微小的不易察觉的异常,5：质量非常好，没有异常",,,,,
"Aerial photography of the ancient city, with no geometric distortion, high resolution, stable lighting, and consistent frame-by-frame quality.",静止的视频内容是否不因镜头移动产生异常扭曲？,视频是否清晰？,视频是否存在异常光照，即曝光、异常高光或光线不规律变化,静止的视频内容是否稳定不随时间变动？,,,"-1：镜头没有移动或者视频内容在运动,1：产生明显扭曲,2：产生轻微扭曲,3：没有异常","-1：文本描述了视频的清晰度,1：视频极度模糊，几乎无法识别图像内容，完全不可用。,2：即使在正常观看距离下也能看到明显的模糊，尤其在动态场景转换时更为明显。,3：视频非常清晰，仅能在细节丰富区域（如头发或边缘）发现轻微的不清晰现象","1：光线问题极其严重，使得整个画面显得失真，几乎无法辨识内容，完全破坏观看体验,2：明显的光线问题，如过曝、高光位置异常，开始影响观看体验,3：完全没有或仅有非常微小的曝光差异或高光过亮，需要仔细对比才能发现","-1：镜头没有移动或者视频内容在运动,1：非常不稳定，每一帧之间似乎都完全不相关,2：比较不稳定，内容有明显变动，但内容可以认知为一致,3：比较稳定，内容只有轻微变化，变化幅度频率较低,4：非常稳定，静止的背景和主体都不随时间变化",,
A person frowning.,动作是否和文本一致？,动作是否真实合理？,视频中人的生成质量如何？,,,,"-1：提示文本没有描述动作，表示此问题作废,1：完全不一致,2：目标动作未完成,3：完全一致（描述周期性动作时应当整个视频都一致，一次性动作应当完成）","-1：视频没有出现动作词或对动作的描述,1：完全不合理，现实中无法实现,2：符合逻辑，但不够真实,3：真实合理","-1：视频中没有出现人,1：质量非常差，勉强有人形,2：质量差，肢体扭曲,3：质量一般，有一些形变,4：质量好，仅有一些微小的不易察觉的异常,5：质量非常好，没有异常",,,
Cristiano Ronaldo crossing arms.,人物是否与文本一致？,动作是否和文本一致？,动作是否真实合理？,,,,"-1：文本没有提及人物形象,1：不一致,2：不完全一致,3：一致","-1：提示文本没有描述动作，表示此问题作废,1：完全不一致,2：目标动作未完成,3：完全一致（描述周期性动作时应当整个视频都一致，一次性动作应当完成）","-1：视频没有出现动作词或对动作的描述,1：完全不合理，现实中无法实现,2：符合逻辑，但不够真实,3：真实合理",,,
Beach,场景是否和文本一致？,场景是否真实,,,,,"-1：提示文本没有提到场景，表示此问题作废,1：完全不一致,2：整个视频不完全是该场景或者是混合了其他场景,3：完全一致","-1：视频没有生成场景（纯色背景或者模糊无法识别的场景）或文本指示了非真实的场景,1：完全不真实,2：不够真实，能察觉到一些异常,3：非常真实，找不到异常",,,,
Lionel Messi patting shoulder.,人物是否与文本一致？,动作是否和文本一致？,动作是否真实合理？,,,,"-1：文本没有提及人物形象,1：不一致,2：不完全一致,3：一致","-1：提示文本没有描述动作，表示此问题作废,1：完全不一致,2：目标动作未完成,3：完全一致（描述周期性动作时应当整个视频都一致，一次性动作应当完成）","-1：视频没有出现动作词或对动作的描述,1：完全不合理，现实中无法实现,2：符合逻辑，但不够真实,3：真实合理",,,
"A young woman takes photos with her phone at a concert, face illuminated by stage lights, wearing a black dress, body extending upward.",视频中人的生成质量如何？,,,,,,"-1：视频中没有出现人,1：质量非常差，勉强有人形,2：质量差，肢体扭曲,3：质量一般，有一些形变,4：质量好，仅有一些微小的不易察觉的异常,5：质量非常好，没有异常",,,,,
"An elderly man stands by the bus stop sign, with a patient expression, wearing a brown coat and gloves, body in a steady waiting posture.",视频中人的生成质量如何？,,,,,,"-1：视频中没有出现人,1：质量非常差，勉强有人形,2：质量差，肢体扭曲,3：质量一般，有一些形变,4：质量好，仅有一些微小的不易察觉的异常,5：质量非常好，没有异常",,,,,
Angelina Jolie raising hand.,人物是否与文本一致？,动作是否和文本一致？,动作是否真实合理？,,,,"-1：文本没有提及人物形象,1：不一致,2：不完全一致,3：一致","-1：提示文本没有描述动作，表示此问题作废,1：完全不一致,2：目标动作未完成,3：完全一致（描述周期性动作时应当整个视频都一致，一次性动作应当完成）","-1：视频没有出现动作词或对动作的描述,1：完全不合理，现实中无法实现,2：符合逻辑，但不够真实,3：真实合理",,,
A person kicking a ball.,动作是否和文本一致？,动作是否真实合理？,视频中人的生成质量如何？,,,,"-1：提示文本没有描述动作，表示此问题作废,1：完全不一致,2：目标动作未完成,3：完全一致（描述周期性动作时应当整个视频都一致，一次性动作应当完成）","-1：视频没有出现动作词或对动作的描述,1：完全不合理，现实中无法实现,2：符合逻辑，但不够真实,3：真实合理","-1：视频中没有出现人,1：质量非常差，勉强有人形,2：质量差，肢体扭曲,3：质量一般，有一些形变,4：质量好，仅有一些微小的不易察觉的异常,5：质量非常好，没有异常",,,
A person laughing.,动作是否和文本一致？,动作是否真实合理？,视频中人的生成质量如何？,,,,"-1：提示文本没有描述动作，表示此问题作废,1：完全不一致,2：目标动作未完成,3：完全一致（描述周期性动作时应当整个视频都一致，一次性动作应当完成）","-1：视频没有出现动作词或对动作的描述,1：完全不合理，现实中无法实现,2：符合逻辑，但不够真实,3：真实合理","-1：视频中没有出现人,1：质量非常差，勉强有人形,2：质量差，肢体扭曲,3：质量一般，有一些形变,4：质量好，仅有一些微小的不易察觉的异常,5：质量非常好，没有异常",,,
Brad Pitt typing on a keyboard.,人物是否与文本一致？,动作是否和文本一致？,动作是否真实合理？,,,,"-1：文本没有提及人物形象,1：不一致,2：不完全一致,3：一致","-1：提示文本没有描述动作，表示此问题作废,1：完全不一致,2：目标动作未完成,3：完全一致（描述周期性动作时应当整个视频都一致，一次性动作应当完成）","-1：视频没有出现动作词或对动作的描述,1：完全不合理，现实中无法实现,2：符合逻辑，但不够真实,3：真实合理",,,
"The museum was filmed from all angles with a fixed spatial structure, stable lighting, no noise, and consistent frames.",静止的视频内容是否不因镜头移动产生异常扭曲？,视频是否存在异常光照，即曝光、异常高光或光线不规律变化,视频是否没有噪点？,静止的视频内容是否稳定不随时间变动？,,,"-1：镜头没有移动或者视频内容在运动,1：产生明显扭曲,2：产生轻微扭曲,3：没有异常","1：光线问题极其严重，使得整个画面显得失真，几乎无法辨识内容，完全破坏观看体验,2：明显的光线问题，如过曝、高光位置异常，开始影响观看体验,3：完全没有或仅有非常微小的曝光差异或高光过亮，需要仔细对比才能发现","1：有很多噪点，非常影响视频观感,2：有一些噪点，能意识到噪点，轻微影响视频观感,3：有极少量噪点，不太能意识到噪点,4：没有噪点","-1：镜头没有移动或者视频内容在运动,1：非常不稳定，每一帧之间似乎都完全不相关,2：比较不稳定，内容有明显变动，但内容可以认知为一致,3：比较稳定，内容只有轻微变化，变化幅度频率较低,4：非常稳定，静止的背景和主体都不随时间变化",,
"The soldiers march through the snow with natural movements, the scene is clean, the background is constant, and the exposure is well-balanced.",实体运动过程中是否自然不异常扭曲？,视频是否没有噪点？,静止的视频内容是否稳定不随时间变动？,视频是否存在异常光照，即曝光、异常高光或光线不规律变化,,,"-1：视频不存在运动实体,1：画面中的物体或人物发生极端变形，几乎无法识别原貌，严重影响观看体验。,2：扭曲现象较为明显，特别是在高速运动或特定角度下，导致物体或人物形态显著异常。,3：仅在快速移动或复杂背景下出现细微形变，通常难以被注意到。","1：有很多噪点，非常影响视频观感,2：有一些噪点，能意识到噪点，轻微影响视频观感,3：有极少量噪点，不太能意识到噪点,4：没有噪点","-1：镜头没有移动或者视频内容在运动,1：非常不稳定，每一帧之间似乎都完全不相关,2：比较不稳定，内容有明显变动，但内容可以认知为一致,3：比较稳定，内容只有轻微变化，变化幅度频率较低,4：非常稳定，静止的背景和主体都不随时间变化","1：光线问题极其严重，使得整个画面显得失真，几乎无法辨识内容，完全破坏观看体验,2：明显的光线问题，如过曝、高光位置异常，开始影响观看体验,3：完全没有或仅有非常微小的曝光差异或高光过亮，需要仔细对比才能发现",,
"A boy ties his shoelaces on the playground, face partially hidden as he looks down, wearing a printed T-shirt and shorts, body crouched beside the track.",视频中人的生成质量如何？,,,,,,"-1：视频中没有出现人,1：质量非常差，勉强有人形,2：质量差，肢体扭曲,3：质量一般，有一些形变,4：质量好，仅有一些微小的不易察觉的异常,5：质量非常好，没有异常",,,,,
Johnny Depp singing.,人物是否与文本一致？,动作是否和文本一致？,动作是否真实合理？,,,,"-1：文本没有提及人物形象,1：不一致,2：不完全一致,3：一致","-1：提示文本没有描述动作，表示此问题作废,1：完全不一致,2：目标动作未完成,3：完全一致（描述周期性动作时应当整个视频都一致，一次性动作应当完成）","-1：视频没有出现动作词或对动作的描述,1：完全不合理，现实中无法实现,2：符合逻辑，但不够真实,3：真实合理",,,
Bruce Lee opening a door.,人物是否与文本一致？,动作是否和文本一致？,动作是否真实合理？,,,,"-1：文本没有提及人物形象,1：不一致,2：不完全一致,3：一致","-1：提示文本没有描述动作，表示此问题作废,1：完全不一致,2：目标动作未完成,3：完全一致（描述周期性动作时应当整个视频都一致，一次性动作应当完成）","-1：视频没有出现动作词或对动作的描述,1：完全不合理，现实中无法实现,2：符合逻辑，但不够真实,3：真实合理",,,
Steve Jobs closing a door.,人物是否与文本一致？,动作是否和文本一致？,动作是否真实合理？,,,,"-1：文本没有提及人物形象,1：不一致,2：不完全一致,3：一致","-1：提示文本没有描述动作，表示此问题作废,1：完全不一致,2：目标动作未完成,3：完全一致（描述周期性动作时应当整个视频都一致，一次性动作应当完成）","-1：视频没有出现动作词或对动作的描述,1：完全不合理，现实中无法实现,2：符合逻辑，但不够真实,3：真实合理",,,
A person throwing.,动作是否和文本一致？,动作是否真实合理？,视频中人的生成质量如何？,,,,"-1：提示文本没有描述动作，表示此问题作废,1：完全不一致,2：目标动作未完成,3：完全一致（描述周期性动作时应当整个视频都一致，一次性动作应当完成）","-1：视频没有出现动作词或对动作的描述,1：完全不合理，现实中无法实现,2：符合逻辑，但不够真实,3：真实合理","-1：视频中没有出现人,1：质量非常差，勉强有人形,2：质量差，肢体扭曲,3：质量一般，有一些形变,4：质量好，仅有一些微小的不易察觉的异常,5：质量非常好，没有异常",,,
The red ball is under the blue cube.,物体是否和文本一致,物体是否真实,物体位置是否和文本一致？,,,,"-1：文本没有指明任何物体，此问题作废,1：完全不一致（或完全没有出现文本描述的物体）,2：物体表现出了文本目标的特征（也像别的什么）,3：物体和文本一致","-1：提示文本规定了其他风格比如卡通风格时为-1，表示此问题作废,1：物体不是真实风格或形状纹理与真实物体有较大不同,2：物体是真实风格，但有一些形状或纹理缺陷，不够真实,3：物体非常真实，没有形状或纹理缺陷","-1：视频没有出现相关物体,1：完全不一致,2：相对一致（比如上方却不是正上方，或者整个视频不是都保持一致）,3：完全一致",,,
"High-resolution aerial photos of forests with stable and undistorted trees, consistent lighting, no noise, and good inter-frame consistency.",视频是否清晰？,静止的视频内容是否不因镜头移动产生异常扭曲？,视频是否存在异常光照，即曝光、异常高光或光线不规律变化,视频是否没有噪点？,静止的视频内容是否稳定不随时间变动？,,"-1：文本描述了视频的清晰度,1：视频极度模糊，几乎无法识别图像内容，完全不可用。,2：即使在正常观看距离下也能看到明显的模糊，尤其在动态场景转换时更为明显。,3：视频非常清晰，仅能在细节丰富区域（如头发或边缘）发现轻微的不清晰现象","-1：镜头没有移动或者视频内容在运动,1：产生明显扭曲,2：产生轻微扭曲,3：没有异常","1：光线问题极其严重，使得整个画面显得失真，几乎无法辨识内容，完全破坏观看体验,2：明显的光线问题，如过曝、高光位置异常，开始影响观看体验,3：完全没有或仅有非常微小的曝光差异或高光过亮，需要仔细对比才能发现","1：有很多噪点，非常影响视频观感,2：有一些噪点，能意识到噪点，轻微影响视频观感,3：有极少量噪点，不太能意识到噪点,4：没有噪点","-1：镜头没有移动或者视频内容在运动,1：非常不稳定，每一帧之间似乎都完全不相关,2：比较不稳定，内容有明显变动，但内容可以认知为一致,3：比较稳定，内容只有轻微变化，变化幅度频率较低,4：非常稳定，静止的背景和主体都不随时间变化",
"The cheetah's running movements are smooth, the image is clear, the background is constant, there is no overexposure, and the signal is clean.",实体运动过程中是否自然不异常扭曲？,视频是否清晰？,静止的视频内容是否稳定不随时间变动？,视频是否存在异常光照，即曝光、异常高光或光线不规律变化,视频是否没有噪点？,,"-1：视频不存在运动实体,1：画面中的物体或人物发生极端变形，几乎无法识别原貌，严重影响观看体验。,2：扭曲现象较为明显，特别是在高速运动或特定角度下，导致物体或人物形态显著异常。,3：仅在快速移动或复杂背景下出现细微形变，通常难以被注意到。","-1：文本描述了视频的清晰度,1：视频极度模糊，几乎无法识别图像内容，完全不可用。,2：即使在正常观看距离下也能看到明显的模糊，尤其在动态场景转换时更为明显。,3：视频非常清晰，仅能在细节丰富区域（如头发或边缘）发现轻微的不清晰现象","-1：镜头没有移动或者视频内容在运动,1：非常不稳定，每一帧之间似乎都完全不相关,2：比较不稳定，内容有明显变动，但内容可以认知为一致,3：比较稳定，内容只有轻微变化，变化幅度频率较低,4：非常稳定，静止的背景和主体都不随时间变化","1：光线问题极其严重，使得整个画面显得失真，几乎无法辨识内容，完全破坏观看体验,2：明显的光线问题，如过曝、高光位置异常，开始影响观看体验,3：完全没有或仅有非常微小的曝光差异或高光过亮，需要仔细对比才能发现","1：有很多噪点，非常影响视频观感,2：有一些噪点，能意识到噪点，轻微影响视频观感,3：有极少量噪点，不太能意识到噪点,4：没有噪点",
"The rocket launch was smooth with no distortion, no overexposure, and clear signals, resulting in crisp visuals.",实体运动过程中是否自然不异常扭曲？,视频是否存在异常光照，即曝光、异常高光或光线不规律变化,视频是否没有噪点？,视频是否清晰？,,,"-1：视频不存在运动实体,1：画面中的物体或人物发生极端变形，几乎无法识别原貌，严重影响观看体验。,2：扭曲现象较为明显，特别是在高速运动或特定角度下，导致物体或人物形态显著异常。,3：仅在快速移动或复杂背景下出现细微形变，通常难以被注意到。","1：光线问题极其严重，使得整个画面显得失真，几乎无法辨识内容，完全破坏观看体验,2：明显的光线问题，如过曝、高光位置异常，开始影响观看体验,3：完全没有或仅有非常微小的曝光差异或高光过亮，需要仔细对比才能发现","1：有很多噪点，非常影响视频观感,2：有一些噪点，能意识到噪点，轻微影响视频观感,3：有极少量噪点，不太能意识到噪点,4：没有噪点","-1：文本描述了视频的清晰度,1：视频极度模糊，几乎无法识别图像内容，完全不可用。,2：即使在正常观看距离下也能看到明显的模糊，尤其在动态场景转换时更为明显。,3：视频非常清晰，仅能在细节丰富区域（如头发或边缘）发现轻微的不清晰现象",,
Donald Trump blinking.,人物是否与文本一致？,动作是否和文本一致？,动作是否真实合理？,,,,"-1：文本没有提及人物形象,1：不一致,2：不完全一致,3：一致","-1：提示文本没有描述动作，表示此问题作废,1：完全不一致,2：目标动作未完成,3：完全一致（描述周期性动作时应当整个视频都一致，一次性动作应当完成）","-1：视频没有出现动作词或对动作的描述,1：完全不合理，现实中无法实现,2：符合逻辑，但不够真实,3：真实合理",,,
A sprinter runs from left to right on the track.,实体运动过程中是否自然不异常扭曲？,,,,,,"-1：视频不存在运动实体,1：画面中的物体或人物发生极端变形，几乎无法识别原貌，严重影响观看体验。,2：扭曲现象较为明显，特别是在高速运动或特定角度下，导致物体或人物形态显著异常。,3：仅在快速移动或复杂背景下出现细微形变，通常难以被注意到。",,,,,
A person clapping hands.,动作是否和文本一致？,动作是否真实合理？,视频中人的生成质量如何？,,,,"-1：提示文本没有描述动作，表示此问题作废,1：完全不一致,2：目标动作未完成,3：完全一致（描述周期性动作时应当整个视频都一致，一次性动作应当完成）","-1：视频没有出现动作词或对动作的描述,1：完全不合理，现实中无法实现,2：符合逻辑，但不够真实,3：真实合理","-1：视频中没有出现人,1：质量非常差，勉强有人形,2：质量差，肢体扭曲,3：质量一般，有一些形变,4：质量好，仅有一些微小的不易察觉的异常,5：质量非常好，没有异常",,,
A person pointing.,动作是否和文本一致？,动作是否真实合理？,视频中人的生成质量如何？,,,,"-1：提示文本没有描述动作，表示此问题作废,1：完全不一致,2：目标动作未完成,3：完全一致（描述周期性动作时应当整个视频都一致，一次性动作应当完成）","-1：视频没有出现动作词或对动作的描述,1：完全不合理，现实中无法实现,2：符合逻辑，但不够真实,3：真实合理","-1：视频中没有出现人,1：质量非常差，勉强有人形,2：质量差，肢体扭曲,3：质量一般，有一些形变,4：质量好，仅有一些微小的不易察觉的异常,5：质量非常好，没有异常",,,
A person reaching out.,动作是否和文本一致？,动作是否真实合理？,视频中人的生成质量如何？,,,,"-1：提示文本没有描述动作，表示此问题作废,1：完全不一致,2：目标动作未完成,3：完全一致（描述周期性动作时应当整个视频都一致，一次性动作应当完成）","-1：视频没有出现动作词或对动作的描述,1：完全不合理，现实中无法实现,2：符合逻辑，但不够真实,3：真实合理","-1：视频中没有出现人,1：质量非常差，勉强有人形,2：质量差，肢体扭曲,3：质量一般，有一些形变,4：质量好，仅有一些微小的不易察觉的异常,5：质量非常好，没有异常",,,
A person rowing a boat.,动作是否和文本一致？,动作是否真实合理？,视频中人的生成质量如何？,,,,"-1：提示文本没有描述动作，表示此问题作废,1：完全不一致,2：目标动作未完成,3：完全一致（描述周期性动作时应当整个视频都一致，一次性动作应当完成）","-1：视频没有出现动作词或对动作的描述,1：完全不合理，现实中无法实现,2：符合逻辑，但不够真实,3：真实合理","-1：视频中没有出现人,1：质量非常差，勉强有人形,2：质量差，肢体扭曲,3：质量一般，有一些形变,4：质量好，仅有一些微小的不易察觉的异常,5：质量非常好，没有异常",,,
Lakeside,场景是否和文本一致？,场景是否真实,,,,,"-1：提示文本没有提到场景，表示此问题作废,1：完全不一致,2：整个视频不完全是该场景或者是混合了其他场景,3：完全一致","-1：视频没有生成场景（纯色背景或者模糊无法识别的场景）或文本指示了非真实的场景,1：完全不真实,2：不够真实，能察觉到一些异常,3：非常真实，找不到异常",,,,
A kite rises and flutters in the wind by the seaside.,实体运动过程中是否自然不异常扭曲？,,,,,,"-1：视频不存在运动实体,1：画面中的物体或人物发生极端变形，几乎无法识别原貌，严重影响观看体验。,2：扭曲现象较为明显，特别是在高速运动或特定角度下，导致物体或人物形态显著异常。,3：仅在快速移动或复杂背景下出现细微形变，通常难以被注意到。",,,,,
"The drone flew through the ancient temple with stable spatial structure, smooth movements, sharp images, no flicker, and even exposure.",静止的视频内容是否不因镜头移动产生异常扭曲？,实体运动过程中是否自然不异常扭曲？,视频是否清晰？,静止的视频内容是否稳定不随时间变动？,视频是否存在异常光照，即曝光、异常高光或光线不规律变化,,"-1：镜头没有移动或者视频内容在运动,1：产生明显扭曲,2：产生轻微扭曲,3：没有异常","-1：视频不存在运动实体,1：画面中的物体或人物发生极端变形，几乎无法识别原貌，严重影响观看体验。,2：扭曲现象较为明显，特别是在高速运动或特定角度下，导致物体或人物形态显著异常。,3：仅在快速移动或复杂背景下出现细微形变，通常难以被注意到。","-1：文本描述了视频的清晰度,1：视频极度模糊，几乎无法识别图像内容，完全不可用。,2：即使在正常观看距离下也能看到明显的模糊，尤其在动态场景转换时更为明显。,3：视频非常清晰，仅能在细节丰富区域（如头发或边缘）发现轻微的不清晰现象","-1：镜头没有移动或者视频内容在运动,1：非常不稳定，每一帧之间似乎都完全不相关,2：比较不稳定，内容有明显变动，但内容可以认知为一致,3：比较稳定，内容只有轻微变化，变化幅度频率较低,4：非常稳定，静止的背景和主体都不随时间变化","1：光线问题极其严重，使得整个画面显得失真，几乎无法辨识内容，完全破坏观看体验,2：明显的光线问题，如过曝、高光位置异常，开始影响观看体验,3：完全没有或仅有非常微小的曝光差异或高光过亮，需要仔细对比才能发现",
Study room,场景是否和文本一致？,场景是否真实,,,,,"-1：提示文本没有提到场景，表示此问题作废,1：完全不一致,2：整个视频不完全是该场景或者是混合了其他场景,3：完全一致","-1：视频没有生成场景（纯色背景或者模糊无法识别的场景）或文本指示了非真实的场景,1：完全不真实,2：不够真实，能察觉到一些异常,3：非常真实，找不到异常",,,,
The red ball is on the left side of the frame.,物体是否和文本一致,物体是否真实,物体位置是否和文本一致？,,,,"-1：文本没有指明任何物体，此问题作废,1：完全不一致（或完全没有出现文本描述的物体）,2：物体表现出了文本目标的特征（也像别的什么）,3：物体和文本一致","-1：提示文本规定了其他风格比如卡通风格时为-1，表示此问题作废,1：物体不是真实风格或形状纹理与真实物体有较大不同,2：物体是真实风格，但有一些形状或纹理缺陷，不够真实,3：物体非常真实，没有形状或纹理缺陷","-1：视频没有出现相关物体,1：完全不一致,2：相对一致（比如上方却不是正上方，或者整个视频不是都保持一致）,3：完全一致",,,
A train moves at a steady speed across the bridge.,实体运动过程中是否自然不异常扭曲？,,,,,,"-1：视频不存在运动实体,1：画面中的物体或人物发生极端变形，几乎无法识别原貌，严重影响观看体验。,2：扭曲现象较为明显，特别是在高速运动或特定角度下，导致物体或人物形态显著异常。,3：仅在快速移动或复杂背景下出现细微形变，通常难以被注意到。",,,,,
Storage room,场景是否和文本一致？,场景是否真实,,,,,"-1：提示文本没有提到场景，表示此问题作废,1：完全不一致,2：整个视频不完全是该场景或者是混合了其他场景,3：完全一致","-1：视频没有生成场景（纯色背景或者模糊无法识别的场景）或文本指示了非真实的场景,1：完全不真实,2：不够真实，能察觉到一些异常,3：非常真实，找不到异常",,,,
"A man types at his office desk, with a slight frown, wearing a white shirt and black blazer, body leaning toward the computer screen.",视频中人的生成质量如何？,,,,,,"-1：视频中没有出现人,1：质量非常差，勉强有人形,2：质量差，肢体扭曲,3：质量一般，有一些形变,4：质量好，仅有一些微小的不易察觉的异常,5：质量非常好，没有异常",,,,,
The red ball is in the top right corner of the frame.,物体是否和文本一致,物体是否真实,物体位置是否和文本一致？,,,,"-1：文本没有指明任何物体，此问题作废,1：完全不一致（或完全没有出现文本描述的物体）,2：物体表现出了文本目标的特征（也像别的什么）,3：物体和文本一致","-1：提示文本规定了其他风格比如卡通风格时为-1，表示此问题作废,1：物体不是真实风格或形状纹理与真实物体有较大不同,2：物体是真实风格，但有一些形状或纹理缺陷，不够真实,3：物体非常真实，没有形状或纹理缺陷","-1：视频没有出现相关物体,1：完全不一致,2：相对一致（比如上方却不是正上方，或者整个视频不是都保持一致）,3：完全一致",,,
A person drinking water.,动作是否和文本一致？,动作是否真实合理？,视频中人的生成质量如何？,,,,"-1：提示文本没有描述动作，表示此问题作废,1：完全不一致,2：目标动作未完成,3：完全一致（描述周期性动作时应当整个视频都一致，一次性动作应当完成）","-1：视频没有出现动作词或对动作的描述,1：完全不合理，现实中无法实现,2：符合逻辑，但不够真实,3：真实合理","-1：视频中没有出现人,1：质量非常差，勉强有人形,2：质量差，肢体扭曲,3：质量一般，有一些形变,4：质量好，仅有一些微小的不易察觉的异常,5：质量非常好，没有异常",,,
Living room,场景是否和文本一致？,场景是否真实,,,,,"-1：提示文本没有提到场景，表示此问题作废,1：完全不一致,2：整个视频不完全是该场景或者是混合了其他场景,3：完全一致","-1：视频没有生成场景（纯色背景或者模糊无法识别的场景）或文本指示了非真实的场景,1：完全不真实,2：不够真实，能察觉到一些异常,3：非常真实，找不到异常",,,,
"A student reaches for a book beside the library shelf, with a serious facial expression, wearing a dark blue school uniform dress, body slightly tilted to the left.",视频中人的生成质量如何？,,,,,,"-1：视频中没有出现人,1：质量非常差，勉强有人形,2：质量差，肢体扭曲,3：质量一般，有一些形变,4：质量好，仅有一些微小的不易察觉的异常,5：质量非常好，没有异常",,,,,
A person eating.,动作是否和文本一致？,动作是否真实合理？,视频中人的生成质量如何？,,,,"-1：提示文本没有描述动作，表示此问题作废,1：完全不一致,2：目标动作未完成,3：完全一致（描述周期性动作时应当整个视频都一致，一次性动作应当完成）","-1：视频没有出现动作词或对动作的描述,1：完全不合理，现实中无法实现,2：符合逻辑，但不够真实,3：真实合理","-1：视频中没有出现人,1：质量非常差，勉强有人形,2：质量差，肢体扭曲,3：质量一般，有一些形变,4：质量好，仅有一些微小的不易察觉的异常,5：质量非常好，没有异常",,,
The red ball is directly below the blue cube.,物体是否和文本一致,物体是否真实,物体位置是否和文本一致？,,,,"-1：文本没有指明任何物体，此问题作废,1：完全不一致（或完全没有出现文本描述的物体）,2：物体表现出了文本目标的特征（也像别的什么）,3：物体和文本一致","-1：提示文本规定了其他风格比如卡通风格时为-1，表示此问题作废,1：物体不是真实风格或形状纹理与真实物体有较大不同,2：物体是真实风格，但有一些形状或纹理缺陷，不够真实,3：物体非常真实，没有形状或纹理缺陷","-1：视频没有出现相关物体,1：完全不一致,2：相对一致（比如上方却不是正上方，或者整个视频不是都保持一致）,3：完全一致",,,
"A young man stands on seaside rocks gazing into the distance, his face lit by sunlight, wearing a white T-shirt and shorts, with a relaxed stance and hands in pockets.",视频中人的生成质量如何？,,,,,,"-1：视频中没有出现人,1：质量非常差，勉强有人形,2：质量差，肢体扭曲,3：质量一般，有一些形变,4：质量好，仅有一些微小的不易察觉的异常,5：质量非常好，没有异常",,,,,
The red ball is in the bottom left corner of the frame.,物体是否和文本一致,物体是否真实,物体位置是否和文本一致？,,,,"-1：文本没有指明任何物体，此问题作废,1：完全不一致（或完全没有出现文本描述的物体）,2：物体表现出了文本目标的特征（也像别的什么）,3：物体和文本一致","-1：提示文本规定了其他风格比如卡通风格时为-1，表示此问题作废,1：物体不是真实风格或形状纹理与真实物体有较大不同,2：物体是真实风格，但有一些形状或纹理缺陷，不够真实,3：物体非常真实，没有形状或纹理缺陷","-1：视频没有出现相关物体,1：完全不一致,2：相对一致（比如上方却不是正上方，或者整个视频不是都保持一致）,3：完全一致",,,
Laundry room,场景是否和文本一致？,场景是否真实,,,,,"-1：提示文本没有提到场景，表示此问题作废,1：完全不一致,2：整个视频不完全是该场景或者是混合了其他场景,3：完全一致","-1：视频没有生成场景（纯色背景或者模糊无法识别的场景）或文本指示了非真实的场景,1：完全不真实,2：不够真实，能察觉到一些异常,3：非常真实，找不到异常",,,,
Morning sunlight casting striped shadows through curtains,视频光影是否真实合理？,,,,,,"-1：没有明显光影,1：不真实,2：仔细分析能看出异常,3：真实合理",,,,,
"A man lifts dumbbells in the gym, face tense with effort, wearing a sleeveless sports top and shorts, body in a stable standing posture.",视频中人的生成质量如何？,,,,,,"-1：视频中没有出现人,1：质量非常差，勉强有人形,2：质量差，肢体扭曲,3：质量一般，有一些形变,4：质量好，仅有一些微小的不易察觉的异常,5：质量非常好，没有异常",,,,,
Sunlight through tree leaves creating dappled patterns on the ground,视频光影是否真实合理？,,,,,,"-1：没有明显光影,1：不真实,2：仔细分析能看出异常,3：真实合理",,,,,
A person catching a ball.,动作是否和文本一致？,动作是否真实合理？,视频中人的生成质量如何？,,,,"-1：提示文本没有描述动作，表示此问题作废,1：完全不一致,2：目标动作未完成,3：完全一致（描述周期性动作时应当整个视频都一致，一次性动作应当完成）","-1：视频没有出现动作词或对动作的描述,1：完全不合理，现实中无法实现,2：符合逻辑，但不够真实,3：真实合理","-1：视频中没有出现人,1：质量非常差，勉强有人形,2：质量差，肢体扭曲,3：质量一般，有一些形变,4：质量好，仅有一些微小的不易察觉的异常,5：质量非常好，没有异常",,,
A person waving.,动作是否和文本一致？,动作是否真实合理？,视频中人的生成质量如何？,,,,"-1：提示文本没有描述动作，表示此问题作废,1：完全不一致,2：目标动作未完成,3：完全一致（描述周期性动作时应当整个视频都一致，一次性动作应当完成）","-1：视频没有出现动作词或对动作的描述,1：完全不合理，现实中无法实现,2：符合逻辑，但不够真实,3：真实合理","-1：视频中没有出现人,1：质量非常差，勉强有人形,2：质量差，肢体扭曲,3：质量一般，有一些形变,4：质量好，仅有一些微小的不易察觉的异常,5：质量非常好，没有异常",,,
A person speaking with mouth open.,动作是否和文本一致？,动作是否真实合理？,视频中人的生成质量如何？,,,,"-1：提示文本没有描述动作，表示此问题作废,1：完全不一致,2：目标动作未完成,3：完全一致（描述周期性动作时应当整个视频都一致，一次性动作应当完成）","-1：视频没有出现动作词或对动作的描述,1：完全不合理，现实中无法实现,2：符合逻辑，但不够真实,3：真实合理","-1：视频中没有出现人,1：质量非常差，勉强有人形,2：质量差，肢体扭曲,3：质量一般，有一些形变,4：质量好，仅有一些微小的不易察觉的异常,5：质量非常好，没有异常",,,
Mountaintop,场景是否和文本一致？,场景是否真实,,,,,"-1：提示文本没有提到场景，表示此问题作废,1：完全不一致,2：整个视频不完全是该场景或者是混合了其他场景,3：完全一致","-1：视频没有生成场景（纯色背景或者模糊无法识别的场景）或文本指示了非真实的场景,1：完全不真实,2：不够真实，能察觉到一些异常,3：非常真实，找不到异常",,,,
"In the concert hall, fast motion shot of stage lights changing with a truck right.",场景是否和文本一致？,场景是否真实,视频速度是否与文本一致？,镜头移动是否和文本一致？,,,"-1：提示文本没有提到场景，表示此问题作废,1：完全不一致,2：整个视频不完全是该场景或者是混合了其他场景,3：完全一致","-1：视频没有生成场景（纯色背景或者模糊无法识别的场景）或文本指示了非真实的场景,1：完全不真实,2：不够真实，能察觉到一些异常,3：非常真实，找不到异常","-1：文本没有提及视频速度,1：不一致,2：一致","-1：文本没有描述镜头,1：不一致,2：一致",,
"A woman holds a warm cup of tea beside a haystack in the early morning, appearing at the top right of the frame, misty weather, normal speed, push-in camera shot.",视频内容整体是否真实？,视频内容整体是否和文本一致？,,,,,"1：完全不真实,2：极少部分真实,3：部分内容真实,4：大部分内容真实,5：完全真实","1：完全无关,2：极少数内容与文本一致,3：一半内容与文本一致,4：大部分内容与文本一致,5：完全一致",,,,
Clouds covering the sun making shadows fade,视频光影是否真实合理？,,,,,,"-1：没有明显光影,1：不真实,2：仔细分析能看出异常,3：真实合理",,,,,
Meadow,场景是否和文本一致？,场景是否真实,,,,,"-1：提示文本没有提到场景，表示此问题作废,1：完全不一致,2：整个视频不完全是该场景或者是混合了其他场景,3：完全一致","-1：视频没有生成场景（纯色背景或者模糊无法识别的场景）或文本指示了非真实的场景,1：完全不真实,2：不够真实，能察觉到一些异常,3：非常真实，找不到异常",,,,
"A nurse adjusts a patient’s pillow in the hospital ward, with a gentle smiling face, wearing a light blue nurse’s uniform, body leaning closer to the bed.",视频中人的生成质量如何？,,,,,,"-1：视频中没有出现人,1：质量非常差，勉强有人形,2：质量差，肢体扭曲,3：质量一般，有一些形变,4：质量好，仅有一些微小的不易察觉的异常,5：质量非常好，没有异常",,,,,
Forest,场景是否和文本一致？,场景是否真实,,,,,"-1：提示文本没有提到场景，表示此问题作废,1：完全不一致,2：整个视频不完全是该场景或者是混合了其他场景,3：完全一致","-1：视频没有生成场景（纯色背景或者模糊无法识别的场景）或文本指示了非真实的场景,1：完全不真实,2：不够真实，能察觉到一些异常,3：非常真实，找不到异常",,,,
The red ball is on the blue cube.,物体是否和文本一致,物体是否真实,物体位置是否和文本一致？,,,,"-1：文本没有指明任何物体，此问题作废,1：完全不一致（或完全没有出现文本描述的物体）,2：物体表现出了文本目标的特征（也像别的什么）,3：物体和文本一致","-1：提示文本规定了其他风格比如卡通风格时为-1，表示此问题作废,1：物体不是真实风格或形状纹理与真实物体有较大不同,2：物体是真实风格，但有一些形状或纹理缺陷，不够真实,3：物体非常真实，没有形状或纹理缺陷","-1：视频没有出现相关物体,1：完全不一致,2：相对一致（比如上方却不是正上方，或者整个视频不是都保持一致）,3：完全一致",,,
"A woman reaches out to clink glasses with a friend at a restaurant table, smiling, wearing a white shirt and light-colored skirt, body slightly leaning to the right.",视频中人的生成质量如何？,,,,,,"-1：视频中没有出现人,1：质量非常差，勉强有人形,2：质量差，肢体扭曲,3：质量一般，有一些形变,4：质量好，仅有一些微小的不易察觉的异常,5：质量非常好，没有异常",,,,,
A child kicks a soccer ball forward on the park lawn.,实体运动过程中是否自然不异常扭曲？,,,,,,"-1：视频不存在运动实体,1：画面中的物体或人物发生极端变形，几乎无法识别原貌，严重影响观看体验。,2：扭曲现象较为明显，特别是在高速运动或特定角度下，导致物体或人物形态显著异常。,3：仅在快速移动或复杂背景下出现细微形变，通常难以被注意到。",,,,,
Desert,场景是否和文本一致？,场景是否真实,,,,,"-1：提示文本没有提到场景，表示此问题作废,1：完全不一致,2：整个视频不完全是该场景或者是混合了其他场景,3：完全一致","-1：视频没有生成场景（纯色背景或者模糊无法识别的场景）或文本指示了非真实的场景,1：完全不真实,2：不够真实，能察觉到一些异常,3：非常真实，找不到异常",,,,
Rainbow appearing as sunlight hits raindrops,视频光影是否真实合理？,,,,,,"-1：没有明显光影,1：不真实,2：仔细分析能看出异常,3：真实合理",,,,,
A bus drives forward on the city street.,实体运动过程中是否自然不异常扭曲？,,,,,,"-1：视频不存在运动实体,1：画面中的物体或人物发生极端变形，几乎无法识别原貌，严重影响观看体验。,2：扭曲现象较为明显，特别是在高速运动或特定角度下，导致物体或人物形态显著异常。,3：仅在快速移动或复杂背景下出现细微形变，通常难以被注意到。",,,,,
A small boat drifts slowly with the river current.,实体运动过程中是否自然不异常扭曲？,,,,,,"-1：视频不存在运动实体,1：画面中的物体或人物发生极端变形，几乎无法识别原貌，严重影响观看体验。,2：扭曲现象较为明显，特别是在高速运动或特定角度下，导致物体或人物形态显著异常。,3：仅在快速移动或复杂背景下出现细微形变，通常难以被注意到。",,,,,
Chandelier light shining on the dining table,视频光影是否真实合理？,,,,,,"-1：没有明显光影,1：不真实,2：仔细分析能看出异常,3：真实合理",,,,,
Clouds dispersing and sunlight shining through again,视频光影是否真实合理？,,,,,,"-1：没有明显光影,1：不真实,2：仔细分析能看出异常,3：真实合理",,,,,
The red ball is to the left of the blue cube.,物体是否和文本一致,物体是否真实,物体位置是否和文本一致？,,,,"-1：文本没有指明任何物体，此问题作废,1：完全不一致（或完全没有出现文本描述的物体）,2：物体表现出了文本目标的特征（也像别的什么）,3：物体和文本一致","-1：提示文本规定了其他风格比如卡通风格时为-1，表示此问题作废,1：物体不是真实风格或形状纹理与真实物体有较大不同,2：物体是真实风格，但有一些形状或纹理缺陷，不够真实,3：物体非常真实，没有形状或纹理缺陷","-1：视频没有出现相关物体,1：完全不一致,2：相对一致（比如上方却不是正上方，或者整个视频不是都保持一致）,3：完全一致",,,
"A woman dances street style beside a fountain at night, near the right side of the frame, clear sky, normal speed, circular camera movement.",视频内容整体是否真实？,视频内容整体是否和文本一致？,,,,,"1：完全不真实,2：极少部分真实,3：部分内容真实,4：大部分内容真实,5：完全真实","1：完全无关,2：极少数内容与文本一致,3：一半内容与文本一致,4：大部分内容与文本一致,5：完全一致",,,,
The red ball is behind the blue cube.,物体是否和文本一致,物体是否真实,物体位置是否和文本一致？,,,,"-1：文本没有指明任何物体，此问题作废,1：完全不一致（或完全没有出现文本描述的物体）,2：物体表现出了文本目标的特征（也像别的什么）,3：物体和文本一致","-1：提示文本规定了其他风格比如卡通风格时为-1，表示此问题作废,1：物体不是真实风格或形状纹理与真实物体有较大不同,2：物体是真实风格，但有一些形状或纹理缺陷，不够真实,3：物体非常真实，没有形状或纹理缺陷","-1：视频没有出现相关物体,1：完全不一致,2：相对一致（比如上方却不是正上方，或者整个视频不是都保持一致）,3：完全一致",,,
Bedroom,场景是否和文本一致？,场景是否真实,,,,,"-1：提示文本没有提到场景，表示此问题作废,1：完全不一致,2：整个视频不完全是该场景或者是混合了其他场景,3：完全一致","-1：视频没有生成场景（纯色背景或者模糊无法识别的场景）或文本指示了非真实的场景,1：完全不真实,2：不够真实，能察觉到一些异常,3：非常真实，找不到异常",,,,
"In the lazy afternoon, a couple walks in the plaza.",场景是否和文本一致？,场景是否真实,文本中提到的时间段表现是否真实合理？,,,,"-1：提示文本没有提到场景，表示此问题作废,1：完全不一致,2：整个视频不完全是该场景或者是混合了其他场景,3：完全一致","-1：视频没有生成场景（纯色背景或者模糊无法识别的场景）或文本指示了非真实的场景,1：完全不真实,2：不够真实，能察觉到一些异常,3：非常真实，找不到异常","-1：没有出现文本中提到的时间段,1：完全不真实,2：比较真实，但有瑕疵,3：非常真实",,,
Mirror reflecting sunlight onto the ceiling,视频光影是否真实合理？,,,,,,"-1：没有明显光影,1：不真实,2：仔细分析能看出异常,3：真实合理",,,,,
The red ball is in front of the blue cube.,物体是否和文本一致,物体是否真实,物体位置是否和文本一致？,,,,"-1：文本没有指明任何物体，此问题作废,1：完全不一致（或完全没有出现文本描述的物体）,2：物体表现出了文本目标的特征（也像别的什么）,3：物体和文本一致","-1：提示文本规定了其他风格比如卡通风格时为-1，表示此问题作废,1：物体不是真实风格或形状纹理与真实物体有较大不同,2：物体是真实风格，但有一些形状或纹理缺陷，不够真实,3：物体非常真实，没有形状或纹理缺陷","-1：视频没有出现相关物体,1：完全不一致,2：相对一致（比如上方却不是正上方，或者整个视频不是都保持一致）,3：完全一致",,,
The red ball is to the right of the blue cube.,物体是否和文本一致,物体是否真实,物体位置是否和文本一致？,,,,"-1：文本没有指明任何物体，此问题作废,1：完全不一致（或完全没有出现文本描述的物体）,2：物体表现出了文本目标的特征（也像别的什么）,3：物体和文本一致","-1：提示文本规定了其他风格比如卡通风格时为-1，表示此问题作废,1：物体不是真实风格或形状纹理与真实物体有较大不同,2：物体是真实风格，但有一些形状或纹理缺陷，不够真实,3：物体非常真实，没有形状或纹理缺陷","-1：视频没有出现相关物体,1：完全不一致,2：相对一致（比如上方却不是正上方，或者整个视频不是都保持一致）,3：完全一致",,,
A crane slowly lifts a steel beam at the construction site.,实体运动过程中是否自然不异常扭曲？,,,,,,"-1：视频不存在运动实体,1：画面中的物体或人物发生极端变形，几乎无法识别原貌，严重影响观看体验。,2：扭曲现象较为明显，特别是在高速运动或特定角度下，导致物体或人物形态显著异常。,3：仅在快速移动或复杂背景下出现细微形变，通常难以被注意到。",,,,,
The red ball is at the front left of the blue cube.,物体是否和文本一致,物体是否真实,物体位置是否和文本一致？,,,,"-1：文本没有指明任何物体，此问题作废,1：完全不一致（或完全没有出现文本描述的物体）,2：物体表现出了文本目标的特征（也像别的什么）,3：物体和文本一致","-1：提示文本规定了其他风格比如卡通风格时为-1，表示此问题作废,1：物体不是真实风格或形状纹理与真实物体有较大不同,2：物体是真实风格，但有一些形状或纹理缺陷，不够真实,3：物体非常真实，没有形状或纹理缺陷","-1：视频没有出现相关物体,1：完全不一致,2：相对一致（比如上方却不是正上方，或者整个视频不是都保持一致）,3：完全一致",,,
Kitchen,场景是否和文本一致？,场景是否真实,,,,,"-1：提示文本没有提到场景，表示此问题作废,1：完全不一致,2：整个视频不完全是该场景或者是混合了其他场景,3：完全一致","-1：视频没有生成场景（纯色背景或者模糊无法识别的场景）或文本指示了非真实的场景,1：完全不真实,2：不够真实，能察觉到一些异常,3：非常真实，找不到异常",,,,
A dancer spins on the stage.,实体运动过程中是否自然不异常扭曲？,,,,,,"-1：视频不存在运动实体,1：画面中的物体或人物发生极端变形，几乎无法识别原貌，严重影响观看体验。,2：扭曲现象较为明显，特别是在高速运动或特定角度下，导致物体或人物形态显著异常。,3：仅在快速移动或复杂背景下出现细微形变，通常难以被注意到。",,,,,
The red ball is on the right side of the frame.,物体是否和文本一致,物体是否真实,物体位置是否和文本一致？,,,,"-1：文本没有指明任何物体，此问题作废,1：完全不一致（或完全没有出现文本描述的物体）,2：物体表现出了文本目标的特征（也像别的什么）,3：物体和文本一致","-1：提示文本规定了其他风格比如卡通风格时为-1，表示此问题作废,1：物体不是真实风格或形状纹理与真实物体有较大不同,2：物体是真实风格，但有一些形状或纹理缺陷，不够真实,3：物体非常真实，没有形状或纹理缺陷","-1：视频没有出现相关物体,1：完全不一致,2：相对一致（比如上方却不是正上方，或者整个视频不是都保持一致）,3：完全一致",,,
Farm,场景是否和文本一致？,场景是否真实,,,,,"-1：提示文本没有提到场景，表示此问题作废,1：完全不一致,2：整个视频不完全是该场景或者是混合了其他场景,3：完全一致","-1：视频没有生成场景（纯色背景或者模糊无法识别的场景）或文本指示了非真实的场景,1：完全不真实,2：不够真实，能察觉到一些异常,3：非常真实，找不到异常",,,,
"A woman plants rice seedlings in a paddy field in the early morning, positioned at the top right of the frame, misty weather, slow motion, tracking shot.",视频内容整体是否真实？,视频内容整体是否和文本一致？,,,,,"1：完全不真实,2：极少部分真实,3：部分内容真实,4：大部分内容真实,5：完全真实","1：完全无关,2：极少数内容与文本一致,3：一半内容与文本一致,4：大部分内容与文本一致,5：完全一致",,,,
Water flows continuously from the faucet in the kitchen.,实体运动过程中是否自然不异常扭曲？,,,,,,"-1：视频不存在运动实体,1：画面中的物体或人物发生极端变形，几乎无法识别原貌，严重影响观看体验。,2：扭曲现象较为明显，特别是在高速运动或特定角度下，导致物体或人物形态显著异常。,3：仅在快速移动或复杂背景下出现细微形变，通常难以被注意到。",,,,,
The red ball is at the back left of the blue cube.,物体是否和文本一致,物体是否真实,物体位置是否和文本一致？,,,,"-1：文本没有指明任何物体，此问题作废,1：完全不一致（或完全没有出现文本描述的物体）,2：物体表现出了文本目标的特征（也像别的什么）,3：物体和文本一致","-1：提示文本规定了其他风格比如卡通风格时为-1，表示此问题作废,1：物体不是真实风格或形状纹理与真实物体有较大不同,2：物体是真实风格，但有一些形状或纹理缺陷，不够真实,3：物体非常真实，没有形状或纹理缺陷","-1：视频没有出现相关物体,1：完全不一致,2：相对一致（比如上方却不是正上方，或者整个视频不是都保持一致）,3：完全一致",,,
The red ball is at the bottom of the frame.,物体是否和文本一致,物体是否真实,物体位置是否和文本一致？,,,,"-1：文本没有指明任何物体，此问题作废,1：完全不一致（或完全没有出现文本描述的物体）,2：物体表现出了文本目标的特征（也像别的什么）,3：物体和文本一致","-1：提示文本规定了其他风格比如卡通风格时为-1，表示此问题作废,1：物体不是真实风格或形状纹理与真实物体有较大不同,2：物体是真实风格，但有一些形状或纹理缺陷，不够真实,3：物体非常真实，没有形状或纹理缺陷","-1：视频没有出现相关物体,1：完全不一致,2：相对一致（比如上方却不是正上方，或者整个视频不是都保持一致）,3：完全一致",,,
Home balcony,场景是否和文本一致？,场景是否真实,,,,,"-1：提示文本没有提到场景，表示此问题作废,1：完全不一致,2：整个视频不完全是该场景或者是混合了其他场景,3：完全一致","-1：视频没有生成场景（纯色背景或者模糊无法识别的场景）或文本指示了非真实的场景,1：完全不真实,2：不够真实，能察觉到一些异常,3：非常真实，找不到异常",,,,
"A man kicks a blue soccer ball in the city square in the afternoon, positioned at the bottom left of the frame, breezy weather, normal speed, tracking shot.",视频内容整体是否真实？,视频内容整体是否和文本一致？,,,,,"1：完全不真实,2：极少部分真实,3：部分内容真实,4：大部分内容真实,5：完全真实","1：完全无关,2：极少数内容与文本一致,3：一半内容与文本一致,4：大部分内容与文本一致,5：完全一致",,,,
Neon lights reflecting colors on a wet road,视频光影是否真实合理？,,,,,,"-1：没有明显光影,1：不真实,2：仔细分析能看出异常,3：真实合理",,,,,
Clock shadow swinging with its movement,视频光影是否真实合理？,,,,,,"-1：没有明显光影,1：不真实,2：仔细分析能看出异常,3：真实合理",,,,,
The red ball is at the back right of the blue cube.,物体是否和文本一致,物体是否真实,物体位置是否和文本一致？,,,,"-1：文本没有指明任何物体，此问题作废,1：完全不一致（或完全没有出现文本描述的物体）,2：物体表现出了文本目标的特征（也像别的什么）,3：物体和文本一致","-1：提示文本规定了其他风格比如卡通风格时为-1，表示此问题作废,1：物体不是真实风格或形状纹理与真实物体有较大不同,2：物体是真实风格，但有一些形状或纹理缺陷，不够真实,3：物体非常真实，没有形状或纹理缺陷","-1：视频没有出现相关物体,1：完全不一致,2：相对一致（比如上方却不是正上方，或者整个视频不是都保持一致）,3：完全一致",,,
Basement,场景是否和文本一致？,场景是否真实,,,,,"-1：提示文本没有提到场景，表示此问题作废,1：完全不一致,2：整个视频不完全是该场景或者是混合了其他场景,3：完全一致","-1：视频没有生成场景（纯色背景或者模糊无法识别的场景）或文本指示了非真实的场景,1：完全不真实,2：不够真实，能察觉到一些异常,3：非常真实，找不到异常",,,,
Tree shadows shifting slowly on asphalt road,视频光影是否真实合理？,,,,,,"-1：没有明显光影,1：不真实,2：仔细分析能看出异常,3：真实合理",,,,,
"An elderly man walks with a brown cow on a country road at dusk, positioned at the left of the frame, cloudy weather, normal speed, tracking shot.",视频内容整体是否真实？,视频内容整体是否和文本一致？,,,,,"1：完全不真实,2：极少部分真实,3：部分内容真实,4：大部分内容真实,5：完全真实","1：完全无关,2：极少数内容与文本一致,3：一半内容与文本一致,4：大部分内容与文本一致,5：完全一致",,,,
"Under a boundless clear sky, workers load goods at the pier.",场景是否和文本一致？,场景是否真实,文本中提到的天气表现是否真实？,,,,"-1：提示文本没有提到场景，表示此问题作废,1：完全不一致,2：整个视频不完全是该场景或者是混合了其他场景,3：完全一致","-1：视频没有生成场景（纯色背景或者模糊无法识别的场景）或文本指示了非真实的场景,1：完全不真实,2：不够真实，能察觉到一些异常,3：非常真实，找不到异常","-1：没有出现文本中提到的天气,1：完全不真实,2：比较真实，但有瑕疵,3：非常真实",,,
The red ball is in the top left corner of the frame.,物体是否和文本一致,物体是否真实,物体位置是否和文本一致？,,,,"-1：文本没有指明任何物体，此问题作废,1：完全不一致（或完全没有出现文本描述的物体）,2：物体表现出了文本目标的特征（也像别的什么）,3：物体和文本一致","-1：提示文本规定了其他风格比如卡通风格时为-1，表示此问题作废,1：物体不是真实风格或形状纹理与真实物体有较大不同,2：物体是真实风格，但有一些形状或纹理缺陷，不够真实,3：物体非常真实，没有形状或纹理缺陷","-1：视频没有出现相关物体,1：完全不一致,2：相对一致（比如上方却不是正上方，或者整个视频不是都保持一致）,3：完全一致",,,
The red ball is in the bottom right corner of the frame.,物体是否和文本一致,物体是否真实,物体位置是否和文本一致？,,,,"-1：文本没有指明任何物体，此问题作废,1：完全不一致（或完全没有出现文本描述的物体）,2：物体表现出了文本目标的特征（也像别的什么）,3：物体和文本一致","-1：提示文本规定了其他风格比如卡通风格时为-1，表示此问题作废,1：物体不是真实风格或形状纹理与真实物体有较大不同,2：物体是真实风格，但有一些形状或纹理缺陷，不够真实,3：物体非常真实，没有形状或纹理缺陷","-1：视频没有出现相关物体,1：完全不一致,2：相对一致（比如上方却不是正上方，或者整个视频不是都保持一致）,3：完全一致",,,
"A woman takes photos on a city overpass at night, positioned slightly right of center in the frame, under streetlights, normal speed, circular camera movement.",视频内容整体是否真实？,视频内容整体是否和文本一致？,,,,,"1：完全不真实,2：极少部分真实,3：部分内容真实,4：大部分内容真实,5：完全真实","1：完全无关,2：极少数内容与文本一致,3：一半内容与文本一致,4：大部分内容与文本一致,5：完全一致",,,,
Bathroom,场景是否和文本一致？,场景是否真实,,,,,"-1：提示文本没有提到场景，表示此问题作废,1：完全不一致,2：整个视频不完全是该场景或者是混合了其他场景,3：完全一致","-1：视频没有生成场景（纯色背景或者模糊无法识别的场景）或文本指示了非真实的场景,1：完全不真实,2：不够真实，能察觉到一些异常,3：非常真实，找不到异常",,,,
Dining room,场景是否和文本一致？,场景是否真实,,,,,"-1：提示文本没有提到场景，表示此问题作废,1：完全不一致,2：整个视频不完全是该场景或者是混合了其他场景,3：完全一致","-1：视频没有生成场景（纯色背景或者模糊无法识别的场景）或文本指示了非真实的场景,1：完全不真实,2：不够真实，能察觉到一些异常,3：非常真实，找不到异常",,,,
"In the cinema, slow motion shot of a viewer entering the theater with a pan left.",场景是否和文本一致？,场景是否真实,视频速度是否与文本一致？,镜头移动是否和文本一致？,,,"-1：提示文本没有提到场景，表示此问题作废,1：完全不一致,2：整个视频不完全是该场景或者是混合了其他场景,3：完全一致","-1：视频没有生成场景（纯色背景或者模糊无法识别的场景）或文本指示了非真实的场景,1：完全不真实,2：不够真实，能察觉到一些异常,3：非常真实，找不到异常","-1：文本没有提及视频速度,1：不一致,2：一致","-1：文本没有描述镜头,1：不一致,2：一致",,
"A man skis downhill at high speed in a snowy ski resort, appearing at the lower part of the frame, time-lapse, follow-cam shot.",视频内容整体是否真实？,视频内容整体是否和文本一致？,,,,,"1：完全不真实,2：极少部分真实,3：部分内容真实,4：大部分内容真实,5：完全真实","1：完全无关,2：极少数内容与文本一致,3：一半内容与文本一致,4：大部分内容与文本一致,5：完全一致",,,,
Shadows shifting as wind moves tree leaves,视频光影是否真实合理？,,,,,,"-1：没有明显光影,1：不真实,2：仔细分析能看出异常,3：真实合理",,,,,
Riverside,场景是否和文本一致？,场景是否真实,,,,,"-1：提示文本没有提到场景，表示此问题作废,1：完全不一致,2：整个视频不完全是该场景或者是混合了其他场景,3：完全一致","-1：视频没有生成场景（纯色背景或者模糊无法识别的场景）或文本指示了非真实的场景,1：完全不真实,2：不够真实，能察觉到一些异常,3：非常真实，找不到异常",,,,
"A man flies a kite in a field in the afternoon, standing in the center of the frame, breezy weather, normal speed, follow-cam shot.",视频内容整体是否真实？,视频内容整体是否和文本一致？,,,,,"1：完全不真实,2：极少部分真实,3：部分内容真实,4：大部分内容真实,5：完全真实","1：完全无关,2：极少数内容与文本一致,3：一半内容与文本一致,4：大部分内容与文本一致,5：完全一致",,,,
Evening sunlight stretching building shadows,视频光影是否真实合理？,,,,,,"-1：没有明显光影,1：不真实,2：仔细分析能看出异常,3：真实合理",,,,,
"In the library, time-lapse shot of a student flipping pages with a fixed camera.",场景是否和文本一致？,场景是否真实,视频速度是否与文本一致？,镜头移动是否和文本一致？,,,"-1：提示文本没有提到场景，表示此问题作废,1：完全不一致,2：整个视频不完全是该场景或者是混合了其他场景,3：完全一致","-1：视频没有生成场景（纯色背景或者模糊无法识别的场景）或文本指示了非真实的场景,1：完全不真实,2：不够真实，能察觉到一些异常,3：非常真实，找不到异常","-1：文本没有提及视频速度,1：不一致,2：一致","-1：文本没有描述镜头,1：不一致,2：一致",,
"A woman rides a green mountain bike on a forest trail in the afternoon, positioned at the left of the frame, sunny weather, slow motion, follow-cam shot.",视频内容整体是否真实？,视频内容整体是否和文本一致？,,,,,"1：完全不真实,2：极少部分真实,3：部分内容真实,4：大部分内容真实,5：完全真实","1：完全无关,2：极少数内容与文本一致,3：一半内容与文本一致,4：大部分内容与文本一致,5：完全一致",,,,
Garden,场景是否和文本一致？,场景是否真实,,,,,"-1：提示文本没有提到场景，表示此问题作废,1：完全不一致,2：整个视频不完全是该场景或者是混合了其他场景,3：完全一致","-1：视频没有生成场景（纯色背景或者模糊无法识别的场景）或文本指示了非真实的场景,1：完全不真实,2：不够真实，能察觉到一些异常,3：非常真实，找不到异常",,,,
"A man walks carrying a silver tray in a dimly lit restaurant at night, standing in the center of the frame, normal speed, push-in camera shot.",视频内容整体是否真实？,视频内容整体是否和文本一致？,,,,,"1：完全不真实,2：极少部分真实,3：部分内容真实,4：大部分内容真实,5：完全真实","1：完全无关,2：极少数内容与文本一致,3：一半内容与文本一致,4：大部分内容与文本一致,5：完全一致",,,,
Snowfield,场景是否和文本一致？,场景是否真实,,,,,"-1：提示文本没有提到场景，表示此问题作废,1：完全不一致,2：整个视频不完全是该场景或者是混合了其他场景,3：完全一致","-1：视频没有生成场景（纯色背景或者模糊无法识别的场景）或文本指示了非真实的场景,1：完全不真实,2：不够真实，能察觉到一些异常,3：非常真实，找不到异常",,,,
Sunlight reflecting on wet ground after rain,视频光影是否真实合理？,,,,,,"-1：没有明显光影,1：不真实,2：仔细分析能看出异常,3：真实合理",,,,,
Desk lamp illuminating book pages with a soft circular glow,视频光影是否真实合理？,,,,,,"-1：没有明显光影,1：不真实,2：仔细分析能看出异常,3：真实合理",,,,,
"In the Sahara Desert, time-lapse shot of dune shadows changing with a fixed camera.",场景是否和文本一致？,场景是否真实,视频速度是否与文本一致？,镜头移动是否和文本一致？,,,"-1：提示文本没有提到场景，表示此问题作废,1：完全不一致,2：整个视频不完全是该场景或者是混合了其他场景,3：完全一致","-1：视频没有生成场景（纯色背景或者模糊无法识别的场景）或文本指示了非真实的场景,1：完全不真实,2：不够真实，能察觉到一些异常,3：非常真实，找不到异常","-1：文本没有提及视频速度,1：不一致,2：一致","-1：文本没有描述镜头,1：不一致,2：一致",,
"An elderly man harvests wheat in a farmland at dusk, appearing in the distant background of the frame, cloudy weather, normal speed, tracking shot.",视频内容整体是否真实？,视频内容整体是否和文本一致？,,,,,"1：完全不真实,2：极少部分真实,3：部分内容真实,4：大部分内容真实,5：完全真实","1：完全无关,2：极少数内容与文本一致,3：一半内容与文本一致,4：大部分内容与文本一致,5：完全一致",,,,
"In the tropical rainforest, fast motion shot of leaves swaying in the wind with a pan right.",场景是否和文本一致？,场景是否真实,视频速度是否与文本一致？,镜头移动是否和文本一致？,,,"-1：提示文本没有提到场景，表示此问题作废,1：完全不一致,2：整个视频不完全是该场景或者是混合了其他场景,3：完全一致","-1：视频没有生成场景（纯色背景或者模糊无法识别的场景）或文本指示了非真实的场景,1：完全不真实,2：不够真实，能察觉到一些异常,3：非常真实，找不到异常","-1：文本没有提及视频速度,1：不一致,2：一致","-1：文本没有描述镜头,1：不一致,2：一致",,
"On a clear and cloudless day, the parking lot is full of cars.",场景是否和文本一致？,场景是否真实,文本中提到的天气表现是否真实？,,,,"-1：提示文本没有提到场景，表示此问题作废,1：完全不一致,2：整个视频不完全是该场景或者是混合了其他场景,3：完全一致","-1：视频没有生成场景（纯色背景或者模糊无法识别的场景）或文本指示了非真实的场景,1：完全不真实,2：不够真实，能察觉到一些异常,3：非常真实，找不到异常","-1：没有出现文本中提到的天气,1：完全不真实,2：比较真实，但有瑕疵,3：非常真实",,,
"A child runs along a city corridor at night, positioned at the bottom right of the frame, under streetlights, normal speed, push-in camera shot.",视频内容整体是否真实？,视频内容整体是否和文本一致？,,,,,"1：完全不真实,2：极少部分真实,3：部分内容真实,4：大部分内容真实,5：完全真实","1：完全无关,2：极少数内容与文本一致,3：一半内容与文本一致,4：大部分内容与文本一致,5：完全一致",,,,
The red ball is at the front right of the blue cube.,物体是否和文本一致,物体是否真实,物体位置是否和文本一致？,,,,"-1：文本没有指明任何物体，此问题作废,1：完全不一致（或完全没有出现文本描述的物体）,2：物体表现出了文本目标的特征（也像别的什么）,3：物体和文本一致","-1：提示文本规定了其他风格比如卡通风格时为-1，表示此问题作废,1：物体不是真实风格或形状纹理与真实物体有较大不同,2：物体是真实风格，但有一些形状或纹理缺陷，不够真实,3：物体非常真实，没有形状或纹理缺陷","-1：视频没有出现相关物体,1：完全不一致,2：相对一致（比如上方却不是正上方，或者整个视频不是都保持一致）,3：完全一致",,,
An airplane slowly takes off on the airport runway.,实体运动过程中是否自然不异常扭曲？,,,,,,"-1：视频不存在运动实体,1：画面中的物体或人物发生极端变形，几乎无法识别原貌，严重影响观看体验。,2：扭曲现象较为明显，特别是在高速运动或特定角度下，导致物体或人物形态显著异常。,3：仅在快速移动或复杂背景下出现细微形变，通常难以被注意到。",,,,,
Scattered fluffy clouds,文本中提到的天气表现是否真实？,,,,,,"-1：没有出现文本中提到的天气,1：完全不真实,2：比较真实，但有瑕疵,3：非常真实",,,,,
"In the purple lavender field, time-lapse shot of flowers swaying with a fixed camera.",场景是否和文本一致？,场景是否真实,视频速度是否与文本一致？,镜头移动是否和文本一致？,,,"-1：提示文本没有提到场景，表示此问题作废,1：完全不一致,2：整个视频不完全是该场景或者是混合了其他场景,3：完全一致","-1：视频没有生成场景（纯色背景或者模糊无法识别的场景）或文本指示了非真实的场景,1：完全不真实,2：不够真实，能察觉到一些异常,3：非常真实，找不到异常","-1：文本没有提及视频速度,1：不一致,2：一致","-1：文本没有描述镜头,1：不一致,2：一致",,
"With an azure blue sky, passengers board at the airport.",场景是否和文本一致？,场景是否真实,文本中提到的天气表现是否真实？,,,,"-1：提示文本没有提到场景，表示此问题作废,1：完全不一致,2：整个视频不完全是该场景或者是混合了其他场景,3：完全一致","-1：视频没有生成场景（纯色背景或者模糊无法识别的场景）或文本指示了非真实的场景,1：完全不真实,2：不够真实，能察觉到一些异常,3：非常真实，找不到异常","-1：没有出现文本中提到的天气,1：完全不真实,2：比较真实，但有瑕疵,3：非常真实",,,
A person squatting.,动作是否和文本一致？,动作是否真实合理？,视频中人的生成质量如何？,,,,"-1：提示文本没有描述动作，表示此问题作废,1：完全不一致,2：目标动作未完成,3：完全一致（描述周期性动作时应当整个视频都一致，一次性动作应当完成）","-1：视频没有出现动作词或对动作的描述,1：完全不合理，现实中无法实现,2：符合逻辑，但不够真实,3：真实合理","-1：视频中没有出现人,1：质量非常差，勉强有人形,2：质量差，肢体扭曲,3：质量一般，有一些形变,4：质量好，仅有一些微小的不易察觉的异常,5：质量非常好，没有异常",,,
"A man drives a yellow towing vehicle on the airport runway in the afternoon, standing in the center of the frame, bright sunlight, slow motion, tracking shot.",视频内容整体是否真实？,视频内容整体是否和文本一致？,,,,,"1：完全不真实,2：极少部分真实,3：部分内容真实,4：大部分内容真实,5：完全真实","1：完全无关,2：极少数内容与文本一致,3：一半内容与文本一致,4：大部分内容与文本一致,5：完全一致",,,,
The red ball is at the top of the frame.,物体是否和文本一致,物体是否真实,物体位置是否和文本一致？,,,,"-1：文本没有指明任何物体，此问题作废,1：完全不一致（或完全没有出现文本描述的物体）,2：物体表现出了文本目标的特征（也像别的什么）,3：物体和文本一致","-1：提示文本规定了其他风格比如卡通风格时为-1，表示此问题作废,1：物体不是真实风格或形状纹理与真实物体有较大不同,2：物体是真实风格，但有一些形状或纹理缺陷，不够真实,3：物体非常真实，没有形状或纹理缺陷","-1：视频没有出现相关物体,1：完全不一致,2：相对一致（比如上方却不是正上方，或者整个视频不是都保持一致）,3：完全一致",,,
airplane flying underwater,文本中的非真实描述是否得到符合想象的呈现？,,,,,,"-1：没有出现文本中提到的非真实描述,1：完全不符合想象,2：部分符合想象，部分不符合,3：完全符合想象",,,,,
The red ball is in the center of the frame.,物体是否和文本一致,物体是否真实,物体位置是否和文本一致？,,,,"-1：文本没有指明任何物体，此问题作废,1：完全不一致（或完全没有出现文本描述的物体）,2：物体表现出了文本目标的特征（也像别的什么）,3：物体和文本一致","-1：提示文本规定了其他风格比如卡通风格时为-1，表示此问题作废,1：物体不是真实风格或形状纹理与真实物体有较大不同,2：物体是真实风格，但有一些形状或纹理缺陷，不够真实,3：物体非常真实，没有形状或纹理缺陷","-1：视频没有出现相关物体,1：完全不一致,2：相对一致（比如上方却不是正上方，或者整个视频不是都保持一致）,3：完全一致",,,
"A woman harvests purple grapes in a vineyard at dusk, positioned at the left of the frame, sunny weather, normal speed, tracking shot.",视频内容整体是否真实？,视频内容整体是否和文本一致？,,,,,"1：完全不真实,2：极少部分真实,3：部分内容真实,4：大部分内容真实,5：完全真实","1：完全无关,2：极少数内容与文本一致,3：一半内容与文本一致,4：大部分内容与文本一致,5：完全一致",,,,
"A child blows bubbles in the garden in the afternoon, near the right side of the frame, sunny weather, slow motion, follow-cam shot.",视频内容整体是否真实？,视频内容整体是否和文本一致？,,,,,"1：完全不真实,2：极少部分真实,3：部分内容真实,4：大部分内容真实,5：完全真实","1：完全无关,2：极少数内容与文本一致,3：一半内容与文本一致,4：大部分内容与文本一致,5：完全一致",,,,
"A child swings in a playground in the afternoon, standing at the center of the frame, breezy weather, time-lapse, circular camera movement.",视频内容整体是否真实？,视频内容整体是否和文本一致？,,,,,"1：完全不真实,2：极少部分真实,3：部分内容真实,4：大部分内容真实,5：完全真实","1：完全无关,2：极少数内容与文本一致,3：一半内容与文本一致,4：大部分内容与文本一致,5：完全一致",,,,
Drizzly rain,文本中提到的天气表现是否真实？,,,,,,"-1：没有出现文本中提到的天气,1：完全不真实,2：比较真实，但有瑕疵,3：非常真实",,,,,
"A woman plays the violin on a mountain top in the early morning, appearing in the distant background of the frame, misty weather, time-lapse, push-in camera shot.",视频内容整体是否真实？,视频内容整体是否和文本一致？,,,,,"1：完全不真实,2：极少部分真实,3：部分内容真实,4：大部分内容真实,5：完全真实","1：完全无关,2：极少数内容与文本一致,3：一半内容与文本一致,4：大部分内容与文本一致,5：完全一致",,,,
Car windshield reflecting distant scenery,视频光影是否真实合理？,,,,,,"-1：没有明显光影,1：不真实,2：仔细分析能看出异常,3：真实合理",,,,,
Clear and cloudless,文本中提到的天气表现是否真实？,,,,,,"-1：没有出现文本中提到的天气,1：完全不真实,2：比较真实，但有瑕疵,3：非常真实",,,,,
"In the Norwegian fjord, fast motion shot of a cruise ship passing with a zoom in.",场景是否和文本一致？,场景是否真实,视频速度是否与文本一致？,镜头移动是否和文本一致？,,,"-1：提示文本没有提到场景，表示此问题作废,1：完全不一致,2：整个视频不完全是该场景或者是混合了其他场景,3：完全一致","-1：视频没有生成场景（纯色背景或者模糊无法识别的场景）或文本指示了非真实的场景,1：完全不真实,2：不够真实，能察觉到一些异常,3：非常真实，找不到异常","-1：文本没有提及视频速度,1：不一致,2：一致","-1：文本没有描述镜头,1：不一致,2：一致",,
"A man casts a fishing net by the riverside in the morning, standing at the bottom of the frame, sunny weather, slow motion, overhead camera shot.",视频内容整体是否真实？,视频内容整体是否和文本一致？,,,,,"1：完全不真实,2：极少部分真实,3：部分内容真实,4：大部分内容真实,5：完全真实","1：完全无关,2：极少数内容与文本一致,3：一半内容与文本一致,4：大部分内容与文本一致,5：完全一致",,,,
volcano erupting colorful balloons,文本中的非真实描述是否得到符合想象的呈现？,,,,,,"-1：没有出现文本中提到的非真实描述,1：完全不符合想象,2：部分符合想象，部分不符合,3：完全符合想象",,,,,
Azure blue sky,文本中提到的天气表现是否真实？,,,,,,"-1：没有出现文本中提到的天气,1：完全不真实,2：比较真实，但有瑕疵,3：非常真实",,,,,
"A woman rides an electric scooter on a city street at night, near the center of the frame, under streetlights, slow motion, circular camera movement.",视频内容整体是否真实？,视频内容整体是否和文本一致？,,,,,"1：完全不真实,2：极少部分真实,3：部分内容真实,4：大部分内容真实,5：完全真实","1：完全无关,2：极少数内容与文本一致,3：一半内容与文本一致,4：大部分内容与文本一致,5：完全一致",,,,
Blinds' shadows moving slowly on the floor,视频光影是否真实合理？,,,,,,"-1：没有明显光影,1：不真实,2：仔细分析能看出异常,3：真实合理",,,,,
"A man washes his hands by a forest stream at dusk, positioned at the center of the frame, cloudy weather, normal speed, follow-cam shot.",视频内容整体是否真实？,视频内容整体是否和文本一致？,,,,,"1：完全不真实,2：极少部分真实,3：部分内容真实,4：大部分内容真实,5：完全真实","1：完全无关,2：极少数内容与文本一致,3：一半内容与文本一致,4：大部分内容与文本一致,5：完全一致",,,,
Partly cloudy,文本中提到的天气表现是否真实？,,,,,,"-1：没有出现文本中提到的天气,1：完全不真实,2：比较真实，但有瑕疵,3：非常真实",,,,,
Glass bottle focusing sunlight into a bright spot on a table,视频光影是否真实合理？,,,,,,"-1：没有明显光影,1：不真实,2：仔细分析能看出异常,3：真实合理",,,,,
"A woman watches the sunset on a bridge at dusk, positioned at the bottom right of the frame, sunny weather, time-lapse, circular camera movement.",视频内容整体是否真实？,视频内容整体是否和文本一致？,,,,,"1：完全不真实,2：极少部分真实,3：部分内容真实,4：大部分内容真实,5：完全真实","1：完全无关,2：极少数内容与文本一致,3：一半内容与文本一致,4：大部分内容与文本一致,5：完全一致",,,,
"A woman walks with a camel in the desert in the early morning, positioned at the left of the frame, sunny weather, slow motion, circular camera movement.",视频内容整体是否真实？,视频内容整体是否和文本一致？,,,,,"1：完全不真实,2：极少部分真实,3：部分内容真实,4：大部分内容真实,5：完全真实","1：完全无关,2：极少数内容与文本一致,3：一半内容与文本一致,4：大部分内容与文本一致,5：完全一致",,,,
"In the playground, slow motion shot of a child on a swing with a Hitchcock zoom.",场景是否和文本一致？,场景是否真实,视频速度是否与文本一致？,镜头移动是否和文本一致？,,,"-1：提示文本没有提到场景，表示此问题作废,1：完全不一致,2：整个视频不完全是该场景或者是混合了其他场景,3：完全一致","-1：视频没有生成场景（纯色背景或者模糊无法识别的场景）或文本指示了非真实的场景,1：完全不真实,2：不够真实，能察觉到一些异常,3：非常真实，找不到异常","-1：文本没有提及视频速度,1：不一致,2：一致","-1：文本没有描述镜头,1：不一致,2：一致",,
"In the museum, reverse playback shot of a visitor picking up an exhibit with a static camera.",场景是否和文本一致？,场景是否真实,视频速度是否与文本一致？,镜头移动是否和文本一致？,,,"-1：提示文本没有提到场景，表示此问题作废,1：完全不一致,2：整个视频不完全是该场景或者是混合了其他场景,3：完全一致","-1：视频没有生成场景（纯色背景或者模糊无法识别的场景）或文本指示了非真实的场景,1：完全不真实,2：不够真实，能察觉到一些异常,3：非常真实，找不到异常","-1：文本没有提及视频速度,1：不一致,2：一致","-1：文本没有描述镜头,1：不一致,2：一致",,
Overcast,文本中提到的天气表现是否真实？,,,,,,"-1：没有出现文本中提到的天气,1：完全不真实,2：比较真实，但有瑕疵,3：非常真实",,,,,
"A woman dances in a red dress on the beach at dusk, standing at the center of the frame, sunny weather, slow motion, circular camera movement.",视频内容整体是否真实？,视频内容整体是否和文本一致？,,,,,"1：完全不真实,2：极少部分真实,3：部分内容真实,4：大部分内容真实,5：完全真实","1：完全无关,2：极少数内容与文本一致,3：一半内容与文本一致,4：大部分内容与文本一致,5：完全一致",,,,
A wooden spoon is in front of the plate.,物体是否和文本一致,物体是否真实,物体位置是否和文本一致？,物体属性是否和文本的形容一致,视频中的关于文本描述的属性是否表现真实合理？（在文本对物体的描述正常合理的情况下）,,"-1：文本没有指明任何物体，此问题作废,1：完全不一致（或完全没有出现文本描述的物体）,2：物体表现出了文本目标的特征（也像别的什么）,3：物体和文本一致","-1：提示文本规定了其他风格比如卡通风格时为-1，表示此问题作废,1：物体不是真实风格或形状纹理与真实物体有较大不同,2：物体是真实风格，但有一些形状或纹理缺陷，不够真实,3：物体非常真实，没有形状或纹理缺陷","-1：视频没有出现相关物体,1：完全不一致,2：相对一致（比如上方却不是正上方，或者整个视频不是都保持一致）,3：完全一致","-1：提示文本没有对物体进行形容限制，表示此问题作废,1：完全无关,2：物体包含一部分文本的形容或者无法完全匹配文本,3：完全一致","-1：文本的描述为非真实，此问题作废,1：完全不真实，不存在这样的该物体,2：逻辑上正确，但是不够真实,3：非常真实",
"At high noon under the blazing sun, a man rests on a park bench.",文本中提到的时间段表现是否真实合理？,视频中人的生成质量如何？,场景是否和文本一致？,场景是否真实,动作是否和文本一致？,动作是否真实合理？,"-1：没有出现文本中提到的时间段,1：完全不真实,2：比较真实，但有瑕疵,3：非常真实","-1：视频中没有出现人,1：质量非常差，勉强有人形,2：质量差，肢体扭曲,3：质量一般，有一些形变,4：质量好，仅有一些微小的不易察觉的异常,5：质量非常好，没有异常","-1：提示文本没有提到场景，表示此问题作废,1：完全不一致,2：整个视频不完全是该场景或者是混合了其他场景,3：完全一致","-1：视频没有生成场景（纯色背景或者模糊无法识别的场景）或文本指示了非真实的场景,1：完全不真实,2：不够真实，能察觉到一些异常,3：非常真实，找不到异常","-1：提示文本没有描述动作，表示此问题作废,1：完全不一致,2：目标动作未完成,3：完全一致（描述周期性动作时应当整个视频都一致，一次性动作应当完成）","-1：视频没有出现动作词或对动作的描述,1：完全不合理，现实中无法实现,2：符合逻辑，但不够真实,3：真实合理"
Light rain,文本中提到的天气表现是否真实？,,,,,,"-1：没有出现文本中提到的天气,1：完全不真实,2：比较真实，但有瑕疵,3：非常真实",,,,,
"In the art gallery, stop motion shot of a painting on the wall with a fixed camera.",场景是否和文本一致？,场景是否真实,视频速度是否与文本一致？,镜头移动是否和文本一致？,,,"-1：提示文本没有提到场景，表示此问题作废,1：完全不一致,2：整个视频不完全是该场景或者是混合了其他场景,3：完全一致","-1：视频没有生成场景（纯色背景或者模糊无法识别的场景）或文本指示了非真实的场景,1：完全不真实,2：不够真实，能察觉到一些异常,3：非常真实，找不到异常","-1：文本没有提及视频速度,1：不一致,2：一致","-1：文本没有描述镜头,1：不一致,2：一致",,
Moderate rain,文本中提到的天气表现是否真实？,,,,,,"-1：没有出现文本中提到的天气,1：完全不真实,2：比较真实，但有瑕疵,3：非常真实",,,,,
"A woman skips stones by the lake in the early morning, near the right side of the frame, sunny weather, slow motion, tracking shot.",视频内容整体是否真实？,视频内容整体是否和文本一致？,,,,,"1：完全不真实,2：极少部分真实,3：部分内容真实,4：大部分内容真实,5：完全真实","1：完全无关,2：极少数内容与文本一致,3：一半内容与文本一致,4：大部分内容与文本一致,5：完全一致",,,,
"An elderly man chops wood in front of a wooden cabin in the early morning, positioned at the left of the frame, sunny weather, slow motion, push-in camera shot.",视频内容整体是否真实？,视频内容整体是否和文本一致？,,,,,"1：完全不真实,2：极少部分真实,3：部分内容真实,4：大部分内容真实,5：完全真实","1：完全无关,2：极少数内容与文本一致,3：一半内容与文本一致,4：大部分内容与文本一致,5：完全一致",,,,
"A man carries wooden crates at the harbor in the evening, standing in the center of the frame, cloudy weather, normal speed, push-in camera shot.",视频内容整体是否真实？,视频内容整体是否和文本一致？,,,,,"1：完全不真实,2：极少部分真实,3：部分内容真实,4：大部分内容真实,5：完全真实","1：完全无关,2：极少数内容与文本一致,3：一半内容与文本一致,4：大部分内容与文本一致,5：完全一致",,,,
"On the Arctic glacier, reverse playback shot of an ice block falling into the water with a static camera.",场景是否和文本一致？,场景是否真实,视频速度是否与文本一致？,镜头移动是否和文本一致？,,,"-1：提示文本没有提到场景，表示此问题作废,1：完全不一致,2：整个视频不完全是该场景或者是混合了其他场景,3：完全一致","-1：视频没有生成场景（纯色背景或者模糊无法识别的场景）或文本指示了非真实的场景,1：完全不真实,2：不够真实，能察觉到一些异常,3：非常真实，找不到异常","-1：文本没有提及视频速度,1：不一致,2：一致","-1：文本没有描述镜头,1：不一致,2：一致",,
"A child practices skating at an ice rink at night, near the left side of the frame, sunny weather, slow motion, tracking shot.",视频内容整体是否真实？,视频内容整体是否和文本一致？,,,,,"1：完全不真实,2：极少部分真实,3：部分内容真实,4：大部分内容真实,5：完全真实","1：完全无关,2：极少数内容与文本一致,3：一半内容与文本一致,4：大部分内容与文本一致,5：完全一致",,,,
Sun shower,文本中提到的天气表现是否真实？,,,,,,"-1：没有出现文本中提到的天气,1：完全不真实,2：比较真实，但有瑕疵,3：非常真实",,,,,
"A man dives into the swimming pool in the afternoon, standing in the center of the frame, breezy weather, slow motion, follow-cam shot.",视频内容整体是否真实？,视频内容整体是否和文本一致？,,,,,"1：完全不真实,2：极少部分真实,3：部分内容真实,4：大部分内容真实,5：完全真实","1：完全无关,2：极少数内容与文本一致,3：一半内容与文本一致,4：大部分内容与文本一致,5：完全一致",,,,
"A man installs an antenna on a city rooftop in the early morning, positioned at the bottom left of the frame, misty weather, slow motion, follow-cam shot.",视频内容整体是否真实？,视频内容整体是否和文本一致？,,,,,"1：完全不真实,2：极少部分真实,3：部分内容真实,4：大部分内容真实,5：完全真实","1：完全无关,2：极少数内容与文本一致,3：一半内容与文本一致,4：大部分内容与文本一致,5：完全一致",,,,
Grease smoke from a barbecue grill,气态（烟雾、水雾）运动是否真实合理？,,,,,,"-1：没有气态运动,1：完全不真实,2：有一些异常,3：真实合理",,,,,
"A man paddles a canoe in the middle of a river in the early morning, appearing at the bottom of the frame, misty weather, time-lapse, overhead camera shot.",视频内容整体是否真实？,视频内容整体是否和文本一致？,,,,,"1：完全不真实,2：极少部分真实,3：部分内容真实,4：大部分内容真实,5：完全真实","1：完全无关,2：极少数内容与文本一致,3：一半内容与文本一致,4：大部分内容与文本一致,5：完全一致",,,,
A fresh tomato is at the top of the frame.,物体是否和文本一致,物体是否真实,物体位置是否和文本一致？,物体属性是否和文本的形容一致,视频中的关于文本描述的属性是否表现真实合理？（在文本对物体的描述正常合理的情况下）,,"-1：文本没有指明任何物体，此问题作废,1：完全不一致（或完全没有出现文本描述的物体）,2：物体表现出了文本目标的特征（也像别的什么）,3：物体和文本一致","-1：提示文本规定了其他风格比如卡通风格时为-1，表示此问题作废,1：物体不是真实风格或形状纹理与真实物体有较大不同,2：物体是真实风格，但有一些形状或纹理缺陷，不够真实,3：物体非常真实，没有形状或纹理缺陷","-1：视频没有出现相关物体,1：完全不一致,2：相对一致（比如上方却不是正上方，或者整个视频不是都保持一致）,3：完全一致","-1：提示文本没有对物体进行形容限制，表示此问题作废,1：完全无关,2：物体包含一部分文本的形容或者无法完全匹配文本,3：完全一致","-1：文本的描述为非真实，此问题作废,1：完全不真实，不存在这样的该物体,2：逻辑上正确，但是不够真实,3：非常真实",
Heavy downpour,文本中提到的天气表现是否真实？,,,,,,"-1：没有出现文本中提到的天气,1：完全不真实,2：比较真实，但有瑕疵,3：非常真实",,,,,
Flashlight creating a sharp beam on the wall,视频光影是否真实合理？,,,,,,"-1：没有明显光影,1：不真实,2：仔细分析能看出异常,3：真实合理",,,,,
Oxy-acetylene welding torch flame,气态（烟雾、水雾）运动是否真实合理？,,,,,,"-1：没有气态运动,1：完全不真实,2：有一些异常,3：真实合理",,,,,
Smoke after blowing out a candle,气态（烟雾、水雾）运动是否真实合理？,,,,,,"-1：没有气态运动,1：完全不真实,2：有一些异常,3：真实合理",,,,,
Reflected image of a pedestrian on water rippling in the wind,视频光影是否真实合理？,,,,,,"-1：没有明显光影,1：不真实,2：仔细分析能看出异常,3：真实合理",,,,,
Pen,物体是否和文本一致,物体是否真实,,,,,"-1：文本没有指明任何物体，此问题作废,1：完全不一致（或完全没有出现文本描述的物体）,2：物体表现出了文本目标的特征（也像别的什么）,3：物体和文本一致","-1：提示文本规定了其他风格比如卡通风格时为-1，表示此问题作废,1：物体不是真实风格或形状纹理与真实物体有较大不同,2：物体是真实风格，但有一些形状或纹理缺陷，不够真实,3：物体非常真实，没有形状或纹理缺陷",,,,
"A child rolls a snowball down a hillside at dusk, near the bottom left of the frame, snowy weather, normal speed, circular camera movement.",视频内容整体是否真实？,视频内容整体是否和文本一致？,,,,,"1：完全不真实,2：极少部分真实,3：部分内容真实,4：大部分内容真实,5：完全真实","1：完全无关,2：极少数内容与文本一致,3：一半内容与文本一致,4：大部分内容与文本一致,5：完全一致",,,,
"An elderly man repairs fishing nets at the harbor in the early morning, appearing at the top left of the frame, misty weather, slow motion, tracking shot.",视频内容整体是否真实？,视频内容整体是否和文本一致？,,,,,"1：完全不真实,2：极少部分真实,3：部分内容真实,4：大部分内容真实,5：完全真实","1：完全无关,2：极少数内容与文本一致,3：一半内容与文本一致,4：大部分内容与文本一致,5：完全一致",,,,
"A child performs flip tricks at a skate park in the afternoon, standing at the center of the frame, sunny weather, normal speed, follow-cam shot.",视频内容整体是否真实？,视频内容整体是否和文本一致？,,,,,"1：完全不真实,2：极少部分真实,3：部分内容真实,4：大部分内容真实,5：完全真实","1：完全无关,2：极少数内容与文本一致,3：一半内容与文本一致,4：大部分内容与文本一致,5：完全一致",,,,
"A child sets paper boats afloat on the riverside at dusk, near the center of the frame, cloudy weather, time-lapse, follow-cam shot.",视频内容整体是否真实？,视频内容整体是否和文本一致？,,,,,"1：完全不真实,2：极少部分真实,3：部分内容真实,4：大部分内容真实,5：完全真实","1：完全无关,2：极少数内容与文本一致,3：一半内容与文本一致,4：大部分内容与文本一致,5：完全一致",,,,
"A man carries bricks at a construction site in the morning, positioned at the top left of the frame, breezy weather, normal speed, tracking shot.",视频内容整体是否真实？,视频内容整体是否和文本一致？,,,,,"1：完全不真实,2：极少部分真实,3：部分内容真实,4：大部分内容真实,5：完全真实","1：完全无关,2：极少数内容与文本一致,3：一半内容与文本一致,4：大部分内容与文本一致,5：完全一致",,,,
Thunderstorm,文本中提到的天气表现是否真实？,,,,,,"-1：没有出现文本中提到的天气,1：完全不真实,2：比较真实，但有瑕疵,3：非常真实",,,,,
giant iceberg in the desert,文本中的非真实描述是否得到符合想象的呈现？,,,,,,"-1：没有出现文本中提到的非真实描述,1：完全不符合想象,2：部分符合想象，部分不符合,3：完全符合想象",,,,,
winged wolf,文本中的非真实描述是否得到符合想象的呈现？,,,,,,"-1：没有出现文本中提到的非真实描述,1：完全不符合想象,2：部分符合想象，部分不符合,3：完全符合想象",,,,,
A blue bowl is under the table.,物体是否和文本一致,物体是否真实,物体位置是否和文本一致？,物体属性是否和文本的形容一致,视频中的关于文本描述的属性是否表现真实合理？（在文本对物体的描述正常合理的情况下）,,"-1：文本没有指明任何物体，此问题作废,1：完全不一致（或完全没有出现文本描述的物体）,2：物体表现出了文本目标的特征（也像别的什么）,3：物体和文本一致","-1：提示文本规定了其他风格比如卡通风格时为-1，表示此问题作废,1：物体不是真实风格或形状纹理与真实物体有较大不同,2：物体是真实风格，但有一些形状或纹理缺陷，不够真实,3：物体非常真实，没有形状或纹理缺陷","-1：视频没有出现相关物体,1：完全不一致,2：相对一致（比如上方却不是正上方，或者整个视频不是都保持一致）,3：完全一致","-1：提示文本没有对物体进行形容限制，表示此问题作废,1：完全无关,2：物体包含一部分文本的形容或者无法完全匹配文本,3：完全一致","-1：文本的描述为非真实，此问题作废,1：完全不真实，不存在这样的该物体,2：逻辑上正确，但是不够真实,3：非常真实",
"In the alpine meadow, stop motion shot of wildflowers blooming with a fixed camera.",场景是否和文本一致？,场景是否真实,视频速度是否与文本一致？,镜头移动是否和文本一致？,,,"-1：提示文本没有提到场景，表示此问题作废,1：完全不一致,2：整个视频不完全是该场景或者是混合了其他场景,3：完全一致","-1：视频没有生成场景（纯色背景或者模糊无法识别的场景）或文本指示了非真实的场景,1：完全不真实,2：不够真实，能察觉到一些异常,3：非常真实，找不到异常","-1：文本没有提及视频速度,1：不一致,2：一致","-1：文本没有描述镜头,1：不一致,2：一致",,
"At the Beijing Forbidden City, stop motion shot of palace details with a fixed camera.",场景是否和文本一致？,场景是否真实,视频速度是否与文本一致？,镜头移动是否和文本一致？,,,"-1：提示文本没有提到场景，表示此问题作废,1：完全不一致,2：整个视频不完全是该场景或者是混合了其他场景,3：完全一致","-1：视频没有生成场景（纯色背景或者模糊无法识别的场景）或文本指示了非真实的场景,1：完全不真实,2：不够真实，能察觉到一些异常,3：非常真实，找不到异常","-1：文本没有提及视频速度,1：不一致,2：一致","-1：文本没有描述镜头,1：不一致,2：一致",,
"An elderly man fishes by the seaside at dusk, appearing at the bottom right of the frame, sunny weather, slow motion, overhead camera shot.",视频内容整体是否真实？,视频内容整体是否和文本一致？,,,,,"1：完全不真实,2：极少部分真实,3：部分内容真实,4：大部分内容真实,5：完全真实","1：完全无关,2：极少数内容与文本一致,3：一半内容与文本一致,4：大部分内容与文本一致,5：完全一致",,,,
There is an old box on the table.,物体属性是否和文本的形容一致,视频中的关于文本描述的属性是否表现真实合理？（在文本对物体的描述正常合理的情况下）,物体是否和文本一致,物体是否真实,物体位置是否和文本一致？,,"-1：提示文本没有对物体进行形容限制，表示此问题作废,1：完全无关,2：物体包含一部分文本的形容或者无法完全匹配文本,3：完全一致","-1：文本的描述为非真实，此问题作废,1：完全不真实，不存在这样的该物体,2：逻辑上正确，但是不够真实,3：非常真实","-1：文本没有指明任何物体，此问题作废,1：完全不一致（或完全没有出现文本描述的物体）,2：物体表现出了文本目标的特征（也像别的什么）,3：物体和文本一致","-1：提示文本规定了其他风格比如卡通风格时为-1，表示此问题作废,1：物体不是真实风格或形状纹理与真实物体有较大不同,2：物体是真实风格，但有一些形状或纹理缺陷，不够真实,3：物体非常真实，没有形状或纹理缺陷","-1：视频没有出现相关物体,1：完全不一致,2：相对一致（比如上方却不是正上方，或者整个视频不是都保持一致）,3：完全一致",
"A woman feeds a brown horse in a pasture in the morning, appearing at the right of the frame, sunny weather, slow motion, tracking shot.",视频内容整体是否真实？,视频内容整体是否和文本一致？,,,,,"1：完全不真实,2：极少部分真实,3：部分内容真实,4：大部分内容真实,5：完全真实","1：完全无关,2：极少数内容与文本一致,3：一半内容与文本一致,4：大部分内容与文本一致,5：完全一致",,,,
"A man walks a white husky along a snow mountain trail in the afternoon, positioned at the left of the frame, snowy weather, time-lapse, follow-cam shot.",视频内容整体是否真实？,视频内容整体是否和文本一致？,,,,,"1：完全不真实,2：极少部分真实,3：部分内容真实,4：大部分内容真实,5：完全真实","1：完全无关,2：极少数内容与文本一致,3：一半内容与文本一致,4：大部分内容与文本一致,5：完全一致",,,,
There is a box with a striped pattern on the table.,物体属性是否和文本的形容一致,视频中的关于文本描述的属性是否表现真实合理？（在文本对物体的描述正常合理的情况下）,物体是否和文本一致,物体是否真实,物体位置是否和文本一致？,,"-1：提示文本没有对物体进行形容限制，表示此问题作废,1：完全无关,2：物体包含一部分文本的形容或者无法完全匹配文本,3：完全一致","-1：文本的描述为非真实，此问题作废,1：完全不真实，不存在这样的该物体,2：逻辑上正确，但是不够真实,3：非常真实","-1：文本没有指明任何物体，此问题作废,1：完全不一致（或完全没有出现文本描述的物体）,2：物体表现出了文本目标的特征（也像别的什么）,3：物体和文本一致","-1：提示文本规定了其他风格比如卡通风格时为-1，表示此问题作废,1：物体不是真实风格或形状纹理与真实物体有较大不同,2：物体是真实风格，但有一些形状或纹理缺陷，不够真实,3：物体非常真实，没有形状或纹理缺陷","-1：视频没有出现相关物体,1：完全不一致,2：相对一致（比如上方却不是正上方，或者整个视频不是都保持一致）,3：完全一致",
"A woman lays a picnic cloth in the valley in the afternoon, positioned at the right of the frame, sunny weather, slow motion, tracking shot.",视频内容整体是否真实？,视频内容整体是否和文本一致？,,,,,"1：完全不真实,2：极少部分真实,3：部分内容真实,4：大部分内容真实,5：完全真实","1：完全无关,2：极少数内容与文本一致,3：一半内容与文本一致,4：大部分内容与文本一致,5：完全一致",,,,
Car,物体是否和文本一致,物体是否真实,,,,,"-1：文本没有指明任何物体，此问题作废,1：完全不一致（或完全没有出现文本描述的物体）,2：物体表现出了文本目标的特征（也像别的什么）,3：物体和文本一致","-1：提示文本规定了其他风格比如卡通风格时为-1，表示此问题作废,1：物体不是真实风格或形状纹理与真实物体有较大不同,2：物体是真实风格，但有一些形状或纹理缺陷，不够真实,3：物体非常真实，没有形状或纹理缺陷",,,,
Bright and sunny,文本中提到的天气表现是否真实？,,,,,,"-1：没有出现文本中提到的天气,1：完全不真实,2：比较真实，但有瑕疵,3：非常真实",,,,,
flying elephant,文本中的非真实描述是否得到符合想象的呈现？,,,,,,"-1：没有出现文本中提到的非真实描述,1：完全不符合想象,2：部分符合想象，部分不符合,3：完全符合想象",,,,,
Boundless clear sky,文本中提到的天气表现是否真实？,,,,,,"-1：没有出现文本中提到的天气,1：完全不真实,2：比较真实，但有瑕疵,3：非常真实",,,,,
A golden fish is on the left side of the frame.,物体是否和文本一致,物体是否真实,物体位置是否和文本一致？,物体属性是否和文本的形容一致,视频中的关于文本描述的属性是否表现真实合理？（在文本对物体的描述正常合理的情况下）,,"-1：文本没有指明任何物体，此问题作废,1：完全不一致（或完全没有出现文本描述的物体）,2：物体表现出了文本目标的特征（也像别的什么）,3：物体和文本一致","-1：提示文本规定了其他风格比如卡通风格时为-1，表示此问题作废,1：物体不是真实风格或形状纹理与真实物体有较大不同,2：物体是真实风格，但有一些形状或纹理缺陷，不够真实,3：物体非常真实，没有形状或纹理缺陷","-1：视频没有出现相关物体,1：完全不一致,2：相对一致（比如上方却不是正上方，或者整个视频不是都保持一致）,3：完全一致","-1：提示文本没有对物体进行形容限制，表示此问题作废,1：完全无关,2：物体包含一部分文本的形容或者无法完全匹配文本,3：完全一致","-1：文本的描述为非真实，此问题作废,1：完全不真实，不存在这样的该物体,2：逻辑上正确，但是不够真实,3：非常真实",
person riding a dragon,文本中的非真实描述是否得到符合想象的呈现？,,,,,,"-1：没有出现文本中提到的非真实描述,1：完全不符合想象,2：部分符合想象，部分不符合,3：完全符合想象",,,,,
"At New York Times Square, fast motion shot of crowds walking with a truck right.",场景是否和文本一致？,场景是否真实,视频速度是否与文本一致？,镜头移动是否和文本一致？,,,"-1：提示文本没有提到场景，表示此问题作废,1：完全不一致,2：整个视频不完全是该场景或者是混合了其他场景,3：完全一致","-1：视频没有生成场景（纯色背景或者模糊无法识别的场景）或文本指示了非真实的场景,1：完全不真实,2：不够真实，能察觉到一些异常,3：非常真实，找不到异常","-1：文本没有提及视频速度,1：不一致,2：一致","-1：文本没有描述镜头,1：不一致,2：一致",,
human casting a spell,文本中的非真实描述是否得到符合想象的呈现？,,,,,,"-1：没有出现文本中提到的非真实描述,1：完全不符合想象,2：部分符合想象，部分不符合,3：完全符合想象",,,,,
There is a round box on the table.,物体属性是否和文本的形容一致,视频中的关于文本描述的属性是否表现真实合理？（在文本对物体的描述正常合理的情况下）,物体是否和文本一致,物体是否真实,物体位置是否和文本一致？,,"-1：提示文本没有对物体进行形容限制，表示此问题作废,1：完全无关,2：物体包含一部分文本的形容或者无法完全匹配文本,3：完全一致","-1：文本的描述为非真实，此问题作废,1：完全不真实，不存在这样的该物体,2：逻辑上正确，但是不够真实,3：非常真实","-1：文本没有指明任何物体，此问题作废,1：完全不一致（或完全没有出现文本描述的物体）,2：物体表现出了文本目标的特征（也像别的什么）,3：物体和文本一致","-1：提示文本规定了其他风格比如卡通风格时为-1，表示此问题作废,1：物体不是真实风格或形状纹理与真实物体有较大不同,2：物体是真实风格，但有一些形状或纹理缺陷，不够真实,3：物体非常真实，没有形状或纹理缺陷","-1：视频没有出现相关物体,1：完全不一致,2：相对一致（比如上方却不是正上方，或者整个视频不是都保持一致）,3：完全一致",
Drizzling,文本中提到的天气表现是否真实？,,,,,,"-1：没有出现文本中提到的天气,1：完全不真实,2：比较真实，但有瑕疵,3：非常真实",,,,,
"A woman plays guitar by a beach bonfire at night, positioned slightly right of center in the frame, clear sky, normal speed, tracking shot.",视频内容整体是否真实？,视频内容整体是否和文本一致？,,,,,"1：完全不真实,2：极少部分真实,3：部分内容真实,4：大部分内容真实,5：完全真实","1：完全无关,2：极少数内容与文本一致,3：一半内容与文本一致,4：大部分内容与文本一致,5：完全一致",,,,
unicorn running in the sky,文本中的非真实描述是否得到符合想象的呈现？,,,,,,"-1：没有出现文本中提到的非真实描述,1：完全不符合想象,2：部分符合想象，部分不符合,3：完全符合想象",,,,,
A red plate is on the table.,物体是否和文本一致,物体是否真实,物体位置是否和文本一致？,物体属性是否和文本的形容一致,视频中的关于文本描述的属性是否表现真实合理？（在文本对物体的描述正常合理的情况下）,,"-1：文本没有指明任何物体，此问题作废,1：完全不一致（或完全没有出现文本描述的物体）,2：物体表现出了文本目标的特征（也像别的什么）,3：物体和文本一致","-1：提示文本规定了其他风格比如卡通风格时为-1，表示此问题作废,1：物体不是真实风格或形状纹理与真实物体有较大不同,2：物体是真实风格，但有一些形状或纹理缺陷，不够真实,3：物体非常真实，没有形状或纹理缺陷","-1：视频没有出现相关物体,1：完全不一致,2：相对一致（比如上方却不是正上方，或者整个视频不是都保持一致）,3：完全一致","-1：提示文本没有对物体进行形容限制，表示此问题作废,1：完全无关,2：物体包含一部分文本的形容或者无法完全匹配文本,3：完全一致","-1：文本的描述为非真实，此问题作废,1：完全不真实，不存在这样的该物体,2：逻辑上正确，但是不够真实,3：非常真实",
"In the Venice canals, slow motion shot of a gondolier rowing with a tracking shot.",场景是否和文本一致？,场景是否真实,视频速度是否与文本一致？,镜头移动是否和文本一致？,,,"-1：提示文本没有提到场景，表示此问题作废,1：完全不一致,2：整个视频不完全是该场景或者是混合了其他场景,3：完全一致","-1：视频没有生成场景（纯色背景或者模糊无法识别的场景）或文本指示了非真实的场景,1：完全不真实,2：不够真实，能察觉到一些异常,3：非常真实，找不到异常","-1：文本没有提及视频速度,1：不一致,2：一致","-1：文本没有描述镜头,1：不一致,2：一致",,
"In the deep night, a security guard patrols the office corridor.",文本中提到的时间段表现是否真实合理？,视频中人的生成质量如何？,场景是否和文本一致？,场景是否真实,动作是否和文本一致？,动作是否真实合理？,"-1：没有出现文本中提到的时间段,1：完全不真实,2：比较真实，但有瑕疵,3：非常真实","-1：视频中没有出现人,1：质量非常差，勉强有人形,2：质量差，肢体扭曲,3：质量一般，有一些形变,4：质量好，仅有一些微小的不易察觉的异常,5：质量非常好，没有异常","-1：提示文本没有提到场景，表示此问题作废,1：完全不一致,2：整个视频不完全是该场景或者是混合了其他场景,3：完全一致","-1：视频没有生成场景（纯色背景或者模糊无法识别的场景）或文本指示了非真实的场景,1：完全不真实,2：不够真实，能察觉到一些异常,3：非常真实，找不到异常","-1：提示文本没有描述动作，表示此问题作废,1：完全不一致,2：目标动作未完成,3：完全一致（描述周期性动作时应当整个视频都一致，一次性动作应当完成）","-1：视频没有出现动作词或对动作的描述,1：完全不合理，现实中无法实现,2：符合逻辑，但不够真实,3：真实合理"
Egg hitting bowl edge and cracking,碰撞是否真实合理？,,,,,,"-1：没有碰撞,1：完全不真实,2：有一些异常,3：真实合理",,,,,
floating skyscraper,文本中的非真实描述是否得到符合想象的呈现？,,,,,,"-1：没有出现文本中提到的非真实描述,1：完全不符合想象,2：部分符合想象，部分不符合,3：完全符合想象",,,,,
A silver fork is behind the bowl.,物体是否和文本一致,物体是否真实,物体位置是否和文本一致？,物体属性是否和文本的形容一致,视频中的关于文本描述的属性是否表现真实合理？（在文本对物体的描述正常合理的情况下）,,"-1：文本没有指明任何物体，此问题作废,1：完全不一致（或完全没有出现文本描述的物体）,2：物体表现出了文本目标的特征（也像别的什么）,3：物体和文本一致","-1：提示文本规定了其他风格比如卡通风格时为-1，表示此问题作废,1：物体不是真实风格或形状纹理与真实物体有较大不同,2：物体是真实风格，但有一些形状或纹理缺陷，不够真实,3：物体非常真实，没有形状或纹理缺陷","-1：视频没有出现相关物体,1：完全不一致,2：相对一致（比如上方却不是正上方，或者整个视频不是都保持一致）,3：完全一致","-1：提示文本没有对物体进行形容限制，表示此问题作废,1：完全无关,2：物体包含一部分文本的形容或者无法完全匹配文本,3：完全一致","-1：文本的描述为非真实，此问题作废,1：完全不真实，不存在这样的该物体,2：逻辑上正确，但是不够真实,3：非常真实",
"A child plays a harmonica in the city park in the afternoon, standing at the center of the frame, cloudy weather, slow motion, circular camera movement.",视频内容整体是否真实？,视频内容整体是否和文本一致？,,,,,"1：完全不真实,2：极少部分真实,3：部分内容真实,4：大部分内容真实,5：完全真实","1：完全无关,2：极少数内容与文本一致,3：一半内容与文本一致,4：大部分内容与文本一致,5：完全一致",,,,
A round bread is to the left of the basket.,物体是否和文本一致,物体是否真实,物体位置是否和文本一致？,物体属性是否和文本的形容一致,视频中的关于文本描述的属性是否表现真实合理？（在文本对物体的描述正常合理的情况下）,,"-1：文本没有指明任何物体，此问题作废,1：完全不一致（或完全没有出现文本描述的物体）,2：物体表现出了文本目标的特征（也像别的什么）,3：物体和文本一致","-1：提示文本规定了其他风格比如卡通风格时为-1，表示此问题作废,1：物体不是真实风格或形状纹理与真实物体有较大不同,2：物体是真实风格，但有一些形状或纹理缺陷，不够真实,3：物体非常真实，没有形状或纹理缺陷","-1：视频没有出现相关物体,1：完全不一致,2：相对一致（比如上方却不是正上方，或者整个视频不是都保持一致）,3：完全一致","-1：提示文本没有对物体进行形容限制，表示此问题作废,1：完全无关,2：物体包含一部分文本的形容或者无法完全匹配文本,3：完全一致","-1：文本的描述为非真实，此问题作废,1：完全不真实，不存在这样的该物体,2：逻辑上正确，但是不够真实,3：非常真实",
The rotating vortex of a tornado,气态（烟雾、水雾）运动是否真实合理？,,,,,,"-1：没有气态运动,1：完全不真实,2：有一些异常,3：真实合理",,,,,
"On the Amazon River, slow motion shot of a fisherman rowing with a pan left.",场景是否和文本一致？,场景是否真实,视频速度是否与文本一致？,镜头移动是否和文本一致？,,,"-1：提示文本没有提到场景，表示此问题作废,1：完全不一致,2：整个视频不完全是该场景或者是混合了其他场景,3：完全一致","-1：视频没有生成场景（纯色背景或者模糊无法识别的场景）或文本指示了非真实的场景,1：完全不真实,2：不够真实，能察觉到一些异常,3：非常真实，找不到异常","-1：文本没有提及视频速度,1：不一致,2：一致","-1：文本没有描述镜头,1：不一致,2：一致",,
Right after the rain,文本中提到的天气表现是否真实？,,,,,,"-1：没有出现文本中提到的天气,1：完全不真实,2：比较真实，但有瑕疵,3：非常真实",,,,,
Jay Chou,人物是否与文本一致？,,,,,,"-1：文本没有提及人物形象,1：不一致,2：不完全一致,3：一致",,,,,
"A woman arranges bouquets at the flower shop in the morning, positioned at the top left of the frame, sunny weather, normal speed, push-in camera shot.",视频内容整体是否真实？,视频内容整体是否和文本一致？,,,,,"1：完全不真实,2：极少部分真实,3：部分内容真实,4：大部分内容真实,5：完全真实","1：完全无关,2：极少数内容与文本一致,3：一半内容与文本一致,4：大部分内容与文本一致,5：完全一致",,,,
"An elderly man sits sideways on a garden bench, smiling, with a relaxed posture leaning against the backrest, wearing a plaid shirt and beige trousers, positioned at the lower left of the frame.",视频中人的生成质量如何？,,,,,,"-1：视频中没有出现人,1：质量非常差，勉强有人形,2：质量差，肢体扭曲,3：质量一般，有一些形变,4：质量好，仅有一些微小的不易察觉的异常,5：质量非常好，没有异常",,,,,
Emma Watson,人物是否与文本一致？,,,,,,"-1：文本没有提及人物形象,1：不一致,2：不完全一致,3：一致",,,,,
"In the lazy afternoon, a woman reads in the garden.",文本中提到的时间段表现是否真实合理？,视频中人的生成质量如何？,场景是否和文本一致？,场景是否真实,动作是否和文本一致？,动作是否真实合理？,"-1：没有出现文本中提到的时间段,1：完全不真实,2：比较真实，但有瑕疵,3：非常真实","-1：视频中没有出现人,1：质量非常差，勉强有人形,2：质量差，肢体扭曲,3：质量一般，有一些形变,4：质量好，仅有一些微小的不易察觉的异常,5：质量非常好，没有异常","-1：提示文本没有提到场景，表示此问题作废,1：完全不一致,2：整个视频不完全是该场景或者是混合了其他场景,3：完全一致","-1：视频没有生成场景（纯色背景或者模糊无法识别的场景）或文本指示了非真实的场景,1：完全不真实,2：不够真实，能察觉到一些异常,3：非常真实，找不到异常","-1：提示文本没有描述动作，表示此问题作废,1：完全不一致,2：目标动作未完成,3：完全一致（描述周期性动作时应当整个视频都一致，一次性动作应当完成）","-1：视频没有出现动作词或对动作的描述,1：完全不合理，现实中无法实现,2：符合逻辑，但不够真实,3：真实合理"
A black and white cow is in the top left corner of the frame.,物体是否和文本一致,物体是否真实,物体位置是否和文本一致？,物体属性是否和文本的形容一致,视频中的关于文本描述的属性是否表现真实合理？（在文本对物体的描述正常合理的情况下）,,"-1：文本没有指明任何物体，此问题作废,1：完全不一致（或完全没有出现文本描述的物体）,2：物体表现出了文本目标的特征（也像别的什么）,3：物体和文本一致","-1：提示文本规定了其他风格比如卡通风格时为-1，表示此问题作废,1：物体不是真实风格或形状纹理与真实物体有较大不同,2：物体是真实风格，但有一些形状或纹理缺陷，不够真实,3：物体非常真实，没有形状或纹理缺陷","-1：视频没有出现相关物体,1：完全不一致,2：相对一致（比如上方却不是正上方，或者整个视频不是都保持一致）,3：完全一致","-1：提示文本没有对物体进行形容限制，表示此问题作废,1：完全无关,2：物体包含一部分文本的形容或者无法完全匹配文本,3：完全一致","-1：文本的描述为非真实，此问题作废,1：完全不真实，不存在这样的该物体,2：逻辑上正确，但是不够真实,3：非常真实",
Cat,物体是否和文本一致,物体是否真实,,,,,"-1：文本没有指明任何物体，此问题作废,1：完全不一致（或完全没有出现文本描述的物体）,2：物体表现出了文本目标的特征（也像别的什么）,3：物体和文本一致","-1：提示文本规定了其他风格比如卡通风格时为-1，表示此问题作废,1：物体不是真实风格或形状纹理与真实物体有较大不同,2：物体是真实风格，但有一些形状或纹理缺陷，不够真实,3：物体非常真实，没有形状或纹理缺陷",,,,
"In the early morning with mist, a pedestrian walks slowly on the bridge.",文本中提到的时间段表现是否真实合理？,视频中人的生成质量如何？,场景是否和文本一致？,场景是否真实,动作是否和文本一致？,动作是否真实合理？,"-1：没有出现文本中提到的时间段,1：完全不真实,2：比较真实，但有瑕疵,3：非常真实","-1：视频中没有出现人,1：质量非常差，勉强有人形,2：质量差，肢体扭曲,3：质量一般，有一些形变,4：质量好，仅有一些微小的不易察觉的异常,5：质量非常好，没有异常","-1：提示文本没有提到场景，表示此问题作废,1：完全不一致,2：整个视频不完全是该场景或者是混合了其他场景,3：完全一致","-1：视频没有生成场景（纯色背景或者模糊无法识别的场景）或文本指示了非真实的场景,1：完全不真实,2：不够真实，能察觉到一些异常,3：非常真实，找不到异常","-1：提示文本没有描述动作，表示此问题作废,1：完全不一致,2：目标动作未完成,3：完全一致（描述周期性动作时应当整个视频都一致，一次性动作应当完成）","-1：视频没有出现动作词或对动作的描述,1：完全不合理，现实中无法实现,2：符合逻辑，但不够真实,3：真实合理"
A blue bird is at the bottom of the frame.,物体是否和文本一致,物体是否真实,物体位置是否和文本一致？,物体属性是否和文本的形容一致,视频中的关于文本描述的属性是否表现真实合理？（在文本对物体的描述正常合理的情况下）,,"-1：文本没有指明任何物体，此问题作废,1：完全不一致（或完全没有出现文本描述的物体）,2：物体表现出了文本目标的特征（也像别的什么）,3：物体和文本一致","-1：提示文本规定了其他风格比如卡通风格时为-1，表示此问题作废,1：物体不是真实风格或形状纹理与真实物体有较大不同,2：物体是真实风格，但有一些形状或纹理缺陷，不够真实,3：物体非常真实，没有形状或纹理缺陷","-1：视频没有出现相关物体,1：完全不一致,2：相对一致（比如上方却不是正上方，或者整个视频不是都保持一致）,3：完全一致","-1：提示文本没有对物体进行形容限制，表示此问题作废,1：完全无关,2：物体包含一部分文本的形容或者无法完全匹配文本,3：完全一致","-1：文本的描述为非真实，此问题作废,1：完全不真实，不存在这样的该物体,2：逻辑上正确，但是不够真实,3：非常真实",
There is a pair of boxes on the table.,物体属性是否和文本的形容一致,视频中的关于文本描述的属性是否表现真实合理？（在文本对物体的描述正常合理的情况下）,物体是否和文本一致,物体是否真实,物体位置是否和文本一致？,,"-1：提示文本没有对物体进行形容限制，表示此问题作废,1：完全无关,2：物体包含一部分文本的形容或者无法完全匹配文本,3：完全一致","-1：文本的描述为非真实，此问题作废,1：完全不真实，不存在这样的该物体,2：逻辑上正确，但是不够真实,3：非常真实","-1：文本没有指明任何物体，此问题作废,1：完全不一致（或完全没有出现文本描述的物体）,2：物体表现出了文本目标的特征（也像别的什么）,3：物体和文本一致","-1：提示文本规定了其他风格比如卡通风格时为-1，表示此问题作废,1：物体不是真实风格或形状纹理与真实物体有较大不同,2：物体是真实风格，但有一些形状或纹理缺陷，不够真实,3：物体非常真实，没有形状或纹理缺陷","-1：视频没有出现相关物体,1：完全不一致,2：相对一致（比如上方却不是正上方，或者整个视频不是都保持一致）,3：完全一致",
A bottle of milk is in the center of the frame.,物体是否和文本一致,物体是否真实,物体位置是否和文本一致？,物体属性是否和文本的形容一致,视频中的关于文本描述的属性是否表现真实合理？（在文本对物体的描述正常合理的情况下）,,"-1：文本没有指明任何物体，此问题作废,1：完全不一致（或完全没有出现文本描述的物体）,2：物体表现出了文本目标的特征（也像别的什么）,3：物体和文本一致","-1：提示文本规定了其他风格比如卡通风格时为-1，表示此问题作废,1：物体不是真实风格或形状纹理与真实物体有较大不同,2：物体是真实风格，但有一些形状或纹理缺陷，不够真实,3：物体非常真实，没有形状或纹理缺陷","-1：视频没有出现相关物体,1：完全不一致,2：相对一致（比如上方却不是正上方，或者整个视频不是都保持一致）,3：完全一致","-1：提示文本没有对物体进行形容限制，表示此问题作废,1：完全无关,2：物体包含一部分文本的形容或者无法完全匹配文本,3：完全一致","-1：文本的描述为非真实，此问题作废,1：完全不真实，不存在这样的该物体,2：逻辑上正确，但是不够真实,3：非常真实",
"An elderly man plays the violin under a bridge at night, standing in the center of the frame, under streetlights, slow motion, push-in camera shot.",视频内容整体是否真实？,视频内容整体是否和文本一致？,,,,,"1：完全不真实,2：极少部分真实,3：部分内容真实,4：大部分内容真实,5：完全真实","1：完全无关,2：极少数内容与文本一致,3：一半内容与文本一致,4：大部分内容与文本一致,5：完全一致",,,,
There is a red box on the table.,物体属性是否和文本的形容一致,视频中的关于文本描述的属性是否表现真实合理？（在文本对物体的描述正常合理的情况下）,物体是否和文本一致,物体是否真实,物体位置是否和文本一致？,,"-1：提示文本没有对物体进行形容限制，表示此问题作废,1：完全无关,2：物体包含一部分文本的形容或者无法完全匹配文本,3：完全一致","-1：文本的描述为非真实，此问题作废,1：完全不真实，不存在这样的该物体,2：逻辑上正确，但是不够真实,3：非常真实","-1：文本没有指明任何物体，此问题作废,1：完全不一致（或完全没有出现文本描述的物体）,2：物体表现出了文本目标的特征（也像别的什么）,3：物体和文本一致","-1：提示文本规定了其他风格比如卡通风格时为-1，表示此问题作废,1：物体不是真实风格或形状纹理与真实物体有较大不同,2：物体是真实风格，但有一些形状或纹理缺陷，不够真实,3：物体非常真实，没有形状或纹理缺陷","-1：视频没有出现相关物体,1：完全不一致,2：相对一致（比如上方却不是正上方，或者整个视频不是都保持一致）,3：完全一致",
"A man ties mooring ropes at the harbor at night, standing in the center of the frame, rolling clouds, normal speed, push-in camera shot.",视频内容整体是否真实？,视频内容整体是否和文本一致？,,,,,"1：完全不真实,2：极少部分真实,3：部分内容真实,4：大部分内容真实,5：完全真实","1：完全无关,2：极少数内容与文本一致,3：一半内容与文本一致,4：大部分内容与文本一致,5：完全一致",,,,
"A man sweeps fallen leaves at the shop entrance in the morning, appearing at the bottom left of the frame, sunny weather, slow motion, push-in camera shot.",视频内容整体是否真实？,视频内容整体是否和文本一致？,,,,,"1：完全不真实,2：极少部分真实,3：部分内容真实,4：大部分内容真实,5：完全真实","1：完全无关,2：极少数内容与文本一致,3：一半内容与文本一致,4：大部分内容与文本一致,5：完全一致",,,,
giant walking on city streets,文本中的非真实描述是否得到符合想象的呈现？,,,,,,"-1：没有出现文本中提到的非真实描述,1：完全不符合想象,2：部分符合想象，部分不符合,3：完全符合想象",,,,,
Rabbit,物体是否和文本一致,物体是否真实,,,,,"-1：文本没有指明任何物体，此问题作废,1：完全不一致（或完全没有出现文本描述的物体）,2：物体表现出了文本目标的特征（也像别的什么）,3：物体和文本一致","-1：提示文本规定了其他风格比如卡通风格时为-1，表示此问题作废,1：物体不是真实风格或形状纹理与真实物体有较大不同,2：物体是真实风格，但有一些形状或纹理缺陷，不够真实,3：物体非常真实，没有形状或纹理缺陷",,,,
There is a square box on the table.,物体属性是否和文本的形容一致,视频中的关于文本描述的属性是否表现真实合理？（在文本对物体的描述正常合理的情况下）,物体是否和文本一致,物体是否真实,物体位置是否和文本一致？,,"-1：提示文本没有对物体进行形容限制，表示此问题作废,1：完全无关,2：物体包含一部分文本的形容或者无法完全匹配文本,3：完全一致","-1：文本的描述为非真实，此问题作废,1：完全不真实，不存在这样的该物体,2：逻辑上正确，但是不够真实,3：非常真实","-1：文本没有指明任何物体，此问题作废,1：完全不一致（或完全没有出现文本描述的物体）,2：物体表现出了文本目标的特征（也像别的什么）,3：物体和文本一致","-1：提示文本规定了其他风格比如卡通风格时为-1，表示此问题作废,1：物体不是真实风格或形状纹理与真实物体有较大不同,2：物体是真实风格，但有一些形状或纹理缺陷，不够真实,3：物体非常真实，没有形状或纹理缺陷","-1：视频没有出现相关物体,1：完全不一致,2：相对一致（比如上方却不是正上方，或者整个视频不是都保持一致）,3：完全一致",
Computer,物体是否和文本一致,物体是否真实,,,,,"-1：文本没有指明任何物体，此问题作废,1：完全不一致（或完全没有出现文本描述的物体）,2：物体表现出了文本目标的特征（也像别的什么）,3：物体和文本一致","-1：提示文本规定了其他风格比如卡通风格时为-1，表示此问题作废,1：物体不是真实风格或形状纹理与真实物体有较大不同,2：物体是真实风格，但有一些形状或纹理缺陷，不够真实,3：物体非常真实，没有形状或纹理缺陷",,,,
A white airplane is directly below the runway.,物体是否和文本一致,物体是否真实,物体位置是否和文本一致？,物体属性是否和文本的形容一致,视频中的关于文本描述的属性是否表现真实合理？（在文本对物体的描述正常合理的情况下）,,"-1：文本没有指明任何物体，此问题作废,1：完全不一致（或完全没有出现文本描述的物体）,2：物体表现出了文本目标的特征（也像别的什么）,3：物体和文本一致","-1：提示文本规定了其他风格比如卡通风格时为-1，表示此问题作废,1：物体不是真实风格或形状纹理与真实物体有较大不同,2：物体是真实风格，但有一些形状或纹理缺陷，不够真实,3：物体非常真实，没有形状或纹理缺陷","-1：视频没有出现相关物体,1：完全不一致,2：相对一致（比如上方却不是正上方，或者整个视频不是都保持一致）,3：完全一致","-1：提示文本没有对物体进行形容限制，表示此问题作废,1：完全无关,2：物体包含一部分文本的形容或者无法完全匹配文本,3：完全一致","-1：文本的描述为非真实，此问题作废,1：完全不真实，不存在这样的该物体,2：逻辑上正确，但是不够真实,3：非常真实",
"A woman takes photos beside a lighthouse at night, standing slightly right of center in the frame, sunny weather, normal speed, tracking shot.",视频内容整体是否真实？,视频内容整体是否和文本一致？,,,,,"1：完全不真实,2：极少部分真实,3：部分内容真实,4：大部分内容真实,5：完全真实","1：完全无关,2：极少数内容与文本一致,3：一半内容与文本一致,4：大部分内容与文本一致,5：完全一致",,,,
Train,物体是否和文本一致,物体是否真实,,,,,"-1：文本没有指明任何物体，此问题作废,1：完全不一致（或完全没有出现文本描述的物体）,2：物体表现出了文本目标的特征（也像别的什么）,3：物体和文本一致","-1：提示文本规定了其他风格比如卡通风格时为-1，表示此问题作废,1：物体不是真实风格或形状纹理与真实物体有较大不同,2：物体是真实风格，但有一些形状或纹理缺陷，不够真实,3：物体非常真实，没有形状或纹理缺陷",,,,
A silver camera is at the front right of the table.,物体是否和文本一致,物体是否真实,物体位置是否和文本一致？,物体属性是否和文本的形容一致,视频中的关于文本描述的属性是否表现真实合理？（在文本对物体的描述正常合理的情况下）,,"-1：文本没有指明任何物体，此问题作废,1：完全不一致（或完全没有出现文本描述的物体）,2：物体表现出了文本目标的特征（也像别的什么）,3：物体和文本一致","-1：提示文本规定了其他风格比如卡通风格时为-1，表示此问题作废,1：物体不是真实风格或形状纹理与真实物体有较大不同,2：物体是真实风格，但有一些形状或纹理缺陷，不够真实,3：物体非常真实，没有形状或纹理缺陷","-1：视频没有出现相关物体,1：完全不一致,2：相对一致（比如上方却不是正上方，或者整个视频不是都保持一致）,3：完全一致","-1：提示文本没有对物体进行形容限制，表示此问题作废,1：完全无关,2：物体包含一部分文本的形容或者无法完全匹配文本,3：完全一致","-1：文本的描述为非真实，此问题作废,1：完全不真实，不存在这样的该物体,2：逻辑上正确，但是不够真实,3：非常真实",
There is a box with a checkered pattern on the table.,物体属性是否和文本的形容一致,视频中的关于文本描述的属性是否表现真实合理？（在文本对物体的描述正常合理的情况下）,物体是否和文本一致,物体是否真实,物体位置是否和文本一致？,,"-1：提示文本没有对物体进行形容限制，表示此问题作废,1：完全无关,2：物体包含一部分文本的形容或者无法完全匹配文本,3：完全一致","-1：文本的描述为非真实，此问题作废,1：完全不真实，不存在这样的该物体,2：逻辑上正确，但是不够真实,3：非常真实","-1：文本没有指明任何物体，此问题作废,1：完全不一致（或完全没有出现文本描述的物体）,2：物体表现出了文本目标的特征（也像别的什么）,3：物体和文本一致","-1：提示文本规定了其他风格比如卡通风格时为-1，表示此问题作废,1：物体不是真实风格或形状纹理与真实物体有较大不同,2：物体是真实风格，但有一些形状或纹理缺陷，不够真实,3：物体非常真实，没有形状或纹理缺陷","-1：视频没有出现相关物体,1：完全不一致,2：相对一致（比如上方却不是正上方，或者整个视频不是都保持一致）,3：完全一致",
A black phone is at the front left of the table.,物体是否和文本一致,物体是否真实,物体位置是否和文本一致？,物体属性是否和文本的形容一致,视频中的关于文本描述的属性是否表现真实合理？（在文本对物体的描述正常合理的情况下）,,"-1：文本没有指明任何物体，此问题作废,1：完全不一致（或完全没有出现文本描述的物体）,2：物体表现出了文本目标的特征（也像别的什么）,3：物体和文本一致","-1：提示文本规定了其他风格比如卡通风格时为-1，表示此问题作废,1：物体不是真实风格或形状纹理与真实物体有较大不同,2：物体是真实风格，但有一些形状或纹理缺陷，不够真实,3：物体非常真实，没有形状或纹理缺陷","-1：视频没有出现相关物体,1：完全不一致,2：相对一致（比如上方却不是正上方，或者整个视频不是都保持一致）,3：完全一致","-1：提示文本没有对物体进行形容限制，表示此问题作废,1：完全无关,2：物体包含一部分文本的形容或者无法完全匹配文本,3：完全一致","-1：文本的描述为非真实，此问题作废,1：完全不真实，不存在这样的该物体,2：逻辑上正确，但是不够真实,3：非常真实",
Juice spilling from bottle mouth onto the table,流体运动是否真实合理？,,,,,,"-1：没有流体运动,1：完全不真实,2：有一些异常,3：真实合理",,,,,
flying castle,文本中的非真实描述是否得到符合想象的呈现？,,,,,,"-1：没有出现文本中提到的非真实描述,1：完全不符合想象,2：部分符合想象，部分不符合,3：完全符合想象",,,,,
A black television is at the back right of the living room.,物体是否和文本一致,物体是否真实,物体位置是否和文本一致？,物体属性是否和文本的形容一致,视频中的关于文本描述的属性是否表现真实合理？（在文本对物体的描述正常合理的情况下）,,"-1：文本没有指明任何物体，此问题作废,1：完全不一致（或完全没有出现文本描述的物体）,2：物体表现出了文本目标的特征（也像别的什么）,3：物体和文本一致","-1：提示文本规定了其他风格比如卡通风格时为-1，表示此问题作废,1：物体不是真实风格或形状纹理与真实物体有较大不同,2：物体是真实风格，但有一些形状或纹理缺陷，不够真实,3：物体非常真实，没有形状或纹理缺陷","-1：视频没有出现相关物体,1：完全不一致,2：相对一致（比如上方却不是正上方，或者整个视频不是都保持一致）,3：完全一致","-1：提示文本没有对物体进行形容限制，表示此问题作废,1：完全无关,2：物体包含一部分文本的形容或者无法完全匹配文本,3：完全一致","-1：文本的描述为非真实，此问题作废,1：完全不真实，不存在这样的该物体,2：逻辑上正确，但是不够真实,3：非常真实",
"In the blue hour, a photographer takes pictures in the plaza.",文本中提到的时间段表现是否真实合理？,视频中人的生成质量如何？,场景是否和文本一致？,场景是否真实,动作是否和文本一致？,动作是否真实合理？,"-1：没有出现文本中提到的时间段,1：完全不真实,2：比较真实，但有瑕疵,3：非常真实","-1：视频中没有出现人,1：质量非常差，勉强有人形,2：质量差，肢体扭曲,3：质量一般，有一些形变,4：质量好，仅有一些微小的不易察觉的异常,5：质量非常好，没有异常","-1：提示文本没有提到场景，表示此问题作废,1：完全不一致,2：整个视频不完全是该场景或者是混合了其他场景,3：完全一致","-1：视频没有生成场景（纯色背景或者模糊无法识别的场景）或文本指示了非真实的场景,1：完全不真实,2：不够真实，能察觉到一些异常,3：非常真实，找不到异常","-1：提示文本没有描述动作，表示此问题作废,1：完全不一致,2：目标动作未完成,3：完全一致（描述周期性动作时应当整个视频都一致，一次性动作应当完成）","-1：视频没有出现动作词或对动作的描述,1：完全不合理，现实中无法实现,2：符合逻辑，但不够真实,3：真实合理"
A gray printer is at the back left of the office.,物体是否和文本一致,物体是否真实,物体位置是否和文本一致？,物体属性是否和文本的形容一致,视频中的关于文本描述的属性是否表现真实合理？（在文本对物体的描述正常合理的情况下）,,"-1：文本没有指明任何物体，此问题作废,1：完全不一致（或完全没有出现文本描述的物体）,2：物体表现出了文本目标的特征（也像别的什么）,3：物体和文本一致","-1：提示文本规定了其他风格比如卡通风格时为-1，表示此问题作废,1：物体不是真实风格或形状纹理与真实物体有较大不同,2：物体是真实风格，但有一些形状或纹理缺陷，不够真实,3：物体非常真实，没有形状或纹理缺陷","-1：视频没有出现相关物体,1：完全不一致,2：相对一致（比如上方却不是正上方，或者整个视频不是都保持一致）,3：完全一致","-1：提示文本没有对物体进行形容限制，表示此问题作废,1：完全无关,2：物体包含一部分文本的形容或者无法完全匹配文本,3：完全一致","-1：文本的描述为非真实，此问题作废,1：完全不真实，不存在这样的该物体,2：逻辑上正确，但是不够真实,3：非常真实",
"At the moment when the city lights turn on, children play by the street.",文本中提到的时间段表现是否真实合理？,视频中人的生成质量如何？,场景是否和文本一致？,场景是否真实,动作是否和文本一致？,动作是否真实合理？,"-1：没有出现文本中提到的时间段,1：完全不真实,2：比较真实，但有瑕疵,3：非常真实","-1：视频中没有出现人,1：质量非常差，勉强有人形,2：质量差，肢体扭曲,3：质量一般，有一些形变,4：质量好，仅有一些微小的不易察觉的异常,5：质量非常好，没有异常","-1：提示文本没有提到场景，表示此问题作废,1：完全不一致,2：整个视频不完全是该场景或者是混合了其他场景,3：完全一致","-1：视频没有生成场景（纯色背景或者模糊无法识别的场景）或文本指示了非真实的场景,1：完全不真实,2：不够真实，能察觉到一些异常,3：非常真实，找不到异常","-1：提示文本没有描述动作，表示此问题作废,1：完全不一致,2：目标动作未完成,3：完全一致（描述周期性动作时应当整个视频都一致，一次性动作应当完成）","-1：视频没有出现动作词或对动作的描述,1：完全不合理，现实中无法实现,2：符合逻辑，但不够真实,3：真实合理"
"A child sets off fireworks by the river at night, near the right side of the frame, clear sky, slow motion, circular camera movement.",视频内容整体是否真实？,视频内容整体是否和文本一致？,,,,,"1：完全不真实,2：极少部分真实,3：部分内容真实,4：大部分内容真实,5：完全真实","1：完全无关,2：极少数内容与文本一致,3：一半内容与文本一致,4：大部分内容与文本一致,5：完全一致",,,,
giant spaceship above the city,文本中的非真实描述是否得到符合想象的呈现？,,,,,,"-1：没有出现文本中提到的非真实描述,1：完全不符合想象,2：部分符合想象，部分不符合,3：完全符合想象",,,,,
ocean in the sky,文本中的非真实描述是否得到符合想象的呈现？,,,,,,"-1：没有出现文本中提到的非真实描述,1：完全不符合想象,2：部分符合想象，部分不符合,3：完全符合想象",,,,,
"At dawn breaking, a person stands on the mountaintop gazing into the distance.",文本中提到的时间段表现是否真实合理？,视频中人的生成质量如何？,场景是否和文本一致？,场景是否真实,动作是否和文本一致？,动作是否真实合理？,"-1：没有出现文本中提到的时间段,1：完全不真实,2：比较真实，但有瑕疵,3：非常真实","-1：视频中没有出现人,1：质量非常差，勉强有人形,2：质量差，肢体扭曲,3：质量一般，有一些形变,4：质量好，仅有一些微小的不易察觉的异常,5：质量非常好，没有异常","-1：提示文本没有提到场景，表示此问题作废,1：完全不一致,2：整个视频不完全是该场景或者是混合了其他场景,3：完全一致","-1：视频没有生成场景（纯色背景或者模糊无法识别的场景）或文本指示了非真实的场景,1：完全不真实,2：不够真实，能察觉到一些异常,3：非常真实，找不到异常","-1：提示文本没有描述动作，表示此问题作废,1：完全不一致,2：目标动作未完成,3：完全一致（描述周期性动作时应当整个视频都一致，一次性动作应当完成）","-1：视频没有出现动作词或对动作的描述,1：完全不合理，现实中无法实现,2：符合逻辑，但不够真实,3：真实合理"
"During the golden hour, a couple walks side by side on the beach.",文本中提到的时间段表现是否真实合理？,视频中人的生成质量如何？,场景是否和文本一致？,场景是否真实,动作是否和文本一致？,动作是否真实合理？,"-1：没有出现文本中提到的时间段,1：完全不真实,2：比较真实，但有瑕疵,3：非常真实","-1：视频中没有出现人,1：质量非常差，勉强有人形,2：质量差，肢体扭曲,3：质量一般，有一些形变,4：质量好，仅有一些微小的不易察觉的异常,5：质量非常好，没有异常","-1：提示文本没有提到场景，表示此问题作废,1：完全不一致,2：整个视频不完全是该场景或者是混合了其他场景,3：完全一致","-1：视频没有生成场景（纯色背景或者模糊无法识别的场景）或文本指示了非真实的场景,1：完全不真实,2：不够真实，能察觉到一些异常,3：非常真实，找不到异常","-1：提示文本没有描述动作，表示此问题作废,1：完全不一致,2：目标动作未完成,3：完全一致（描述周期性动作时应当整个视频都一致，一次性动作应当完成）","-1：视频没有出现动作词或对动作的描述,1：完全不合理，现实中无法实现,2：符合逻辑，但不够真实,3：真实合理"
"A man rides a motorcycle along the edge of a paddy field in the early morning, appearing at the left of the frame, misty weather, normal speed, follow-cam shot.",视频内容整体是否真实？,视频内容整体是否和文本一致？,,,,,"1：完全不真实,2：极少部分真实,3：部分内容真实,4：大部分内容真实,5：完全真实","1：完全无关,2：极少数内容与文本一致,3：一半内容与文本一致,4：大部分内容与文本一致,5：完全一致",,,,
"A woman raises her hand and waves at the center in daytime, fast motion.",视频速度是否与文本一致？,,,,,,"-1：文本没有提及视频速度,1：不一致,2：一致",,,,,
"At midnight revelry, people dance on the terrace.",文本中提到的时间段表现是否真实合理？,视频中人的生成质量如何？,场景是否和文本一致？,场景是否真实,动作是否和文本一致？,动作是否真实合理？,"-1：没有出现文本中提到的时间段,1：完全不真实,2：比较真实，但有瑕疵,3：非常真实","-1：视频中没有出现人,1：质量非常差，勉强有人形,2：质量差，肢体扭曲,3：质量一般，有一些形变,4：质量好，仅有一些微小的不易察觉的异常,5：质量非常好，没有异常","-1：提示文本没有提到场景，表示此问题作废,1：完全不一致,2：整个视频不完全是该场景或者是混合了其他场景,3：完全一致","-1：视频没有生成场景（纯色背景或者模糊无法识别的场景）或文本指示了非真实的场景,1：完全不真实,2：不够真实，能察觉到一些异常,3：非常真实，找不到异常","-1：提示文本没有描述动作，表示此问题作废,1：完全不一致,2：目标动作未完成,3：完全一致（描述周期性动作时应当整个视频都一致，一次性动作应当完成）","-1：视频没有出现动作词或对动作的描述,1：完全不合理，现实中无法实现,2：符合逻辑，但不够真实,3：真实合理"
"In the stadium, slow motion shot of a runner with a tracking shot.",场景是否和文本一致？,场景是否真实,视频速度是否与文本一致？,镜头移动是否和文本一致？,,,"-1：提示文本没有提到场景，表示此问题作废,1：完全不一致,2：整个视频不完全是该场景或者是混合了其他场景,3：完全一致","-1：视频没有生成场景（纯色背景或者模糊无法识别的场景）或文本指示了非真实的场景,1：完全不真实,2：不够真实，能察觉到一些异常,3：非常真实，找不到异常","-1：文本没有提及视频速度,1：不一致,2：一致","-1：文本没有描述镜头,1：不一致,2：一致",,
An oval egg is to the right of the basket.,物体是否和文本一致,物体是否真实,物体位置是否和文本一致？,物体属性是否和文本的形容一致,视频中的关于文本描述的属性是否表现真实合理？（在文本对物体的描述正常合理的情况下）,,"-1：文本没有指明任何物体，此问题作废,1：完全不一致（或完全没有出现文本描述的物体）,2：物体表现出了文本目标的特征（也像别的什么）,3：物体和文本一致","-1：提示文本规定了其他风格比如卡通风格时为-1，表示此问题作废,1：物体不是真实风格或形状纹理与真实物体有较大不同,2：物体是真实风格，但有一些形状或纹理缺陷，不够真实,3：物体非常真实，没有形状或纹理缺陷","-1：视频没有出现相关物体,1：完全不一致,2：相对一致（比如上方却不是正上方，或者整个视频不是都保持一致）,3：完全一致","-1：提示文本没有对物体进行形容限制，表示此问题作废,1：完全无关,2：物体包含一部分文本的形容或者无法完全匹配文本,3：完全一致","-1：文本的描述为非真实，此问题作废,1：完全不真实，不存在这样的该物体,2：逻辑上正确，但是不够真实,3：非常真实",
Strong wind kicking up dust and sand,气态（烟雾、水雾）运动是否真实合理？,,,,,,"-1：没有气态运动,1：完全不真实,2：有一些异常,3：真实合理",,,,,
city floating in space,文本中的非真实描述是否得到符合想象的呈现？,,,,,,"-1：没有出现文本中提到的非真实描述,1：完全不符合想象,2：部分符合想象，部分不符合,3：完全符合想象",,,,,
Perfume being sprayed from an atomizer,气态（烟雾、水雾）运动是否真实合理？,,,,,,"-1：没有气态运动,1：完全不真实,2：有一些异常,3：真实合理",,,,,
Marsh gas hovering in a forest,气态（烟雾、水雾）运动是否真实合理？,,,,,,"-1：没有气态运动,1：完全不真实,2：有一些异常,3：真实合理",,,,,
Stage fog created by dry ice,气态（烟雾、水雾）运动是否真实合理？,,,,,,"-1：没有气态运动,1：完全不真实,2：有一些异常,3：真实合理",,,,,
High-pressure steam leaking from a pipe,气态（烟雾、水雾）运动是否真实合理？,,,,,,"-1：没有气态运动,1：完全不真实,2：有一些异常,3：真实合理",,,,,
Andy Lau dancing.,人物是否与文本一致？,动作是否和文本一致？,动作是否真实合理？,,,,"-1：文本没有提及人物形象,1：不一致,2：不完全一致,3：一致","-1：提示文本没有描述动作，表示此问题作废,1：完全不一致,2：目标动作未完成,3：完全一致（描述周期性动作时应当整个视频都一致，一次性动作应当完成）","-1：视频没有出现动作词或对动作的描述,1：完全不合理，现实中无法实现,2：符合逻辑，但不够真实,3：真实合理",,,
Steam puffing from a locomotive,气态（烟雾、水雾）运动是否真实合理？,,,,,,"-1：没有气态运动,1：完全不真实,2：有一些异常,3：真实合理",,,,,
There is a blue box on the table.,物体属性是否和文本的形容一致,视频中的关于文本描述的属性是否表现真实合理？（在文本对物体的描述正常合理的情况下）,物体是否和文本一致,物体是否真实,物体位置是否和文本一致？,,"-1：提示文本没有对物体进行形容限制，表示此问题作废,1：完全无关,2：物体包含一部分文本的形容或者无法完全匹配文本,3：完全一致","-1：文本的描述为非真实，此问题作废,1：完全不真实，不存在这样的该物体,2：逻辑上正确，但是不够真实,3：非常真实","-1：文本没有指明任何物体，此问题作废,1：完全不一致（或完全没有出现文本描述的物体）,2：物体表现出了文本目标的特征（也像别的什么）,3：物体和文本一致","-1：提示文本规定了其他风格比如卡通风格时为-1，表示此问题作废,1：物体不是真实风格或形状纹理与真实物体有较大不同,2：物体是真实风格，但有一些形状或纹理缺陷，不够真实,3：物体非常真实，没有形状或纹理缺陷","-1：视频没有出现相关物体,1：完全不一致,2：相对一致（比如上方却不是正上方，或者整个视频不是都保持一致）,3：完全一致",
Baseball tossed high and returning to the glove,物体运动轨迹是否真实合理？,,,,,,"-1：没有物体运动,1：完全不真实,2：有一些异常,3：真实合理",,,,,
Volcanic eruption plume,气态（烟雾、水雾）运动是否真实合理？,,,,,,"-1：没有气态运动,1：完全不真实,2：有一些异常,3：真实合理",,,,,
A person jumping.,动作是否和文本一致？,动作是否真实合理？,视频中人的生成质量如何？,,,,"-1：提示文本没有描述动作，表示此问题作废,1：完全不一致,2：目标动作未完成,3：完全一致（描述周期性动作时应当整个视频都一致，一次性动作应当完成）","-1：视频没有出现动作词或对动作的描述,1：完全不合理，现实中无法实现,2：符合逻辑，但不够真实,3：真实合理","-1：视频中没有出现人,1：质量非常差，勉强有人形,2：质量差，肢体扭曲,3：质量一般，有一些形变,4：质量好，仅有一些微小的不易察觉的异常,5：质量非常好，没有异常",,,
There is a single box on the table.,物体属性是否和文本的形容一致,视频中的关于文本描述的属性是否表现真实合理？（在文本对物体的描述正常合理的情况下）,物体是否和文本一致,物体是否真实,物体位置是否和文本一致？,,"-1：提示文本没有对物体进行形容限制，表示此问题作废,1：完全无关,2：物体包含一部分文本的形容或者无法完全匹配文本,3：完全一致","-1：文本的描述为非真实，此问题作废,1：完全不真实，不存在这样的该物体,2：逻辑上正确，但是不够真实,3：非常真实","-1：文本没有指明任何物体，此问题作废,1：完全不一致（或完全没有出现文本描述的物体）,2：物体表现出了文本目标的特征（也像别的什么）,3：物体和文本一致","-1：提示文本规定了其他风格比如卡通风格时为-1，表示此问题作废,1：物体不是真实风格或形状纹理与真实物体有较大不同,2：物体是真实风格，但有一些形状或纹理缺陷，不够真实,3：物体非常真实，没有形状或纹理缺陷","-1：视频没有出现相关物体,1：完全不一致,2：相对一致（比如上方却不是正上方，或者整个视频不是都保持一致）,3：完全一致",
Watermelon hitting the ground and splitting,碰撞是否真实合理？,,,,,,"-1：没有碰撞,1：完全不真实,2：有一些异常,3：真实合理",,,,,
Milk poured into a bowl causing ripples,流体运动是否真实合理？,,,,,,"-1：没有流体运动,1：完全不真实,2：有一些异常,3：真实合理",,,,,
A blue motorcycle is in the bottom right corner of the frame.,物体是否和文本一致,物体是否真实,物体位置是否和文本一致？,物体属性是否和文本的形容一致,视频中的关于文本描述的属性是否表现真实合理？（在文本对物体的描述正常合理的情况下）,,"-1：文本没有指明任何物体，此问题作废,1：完全不一致（或完全没有出现文本描述的物体）,2：物体表现出了文本目标的特征（也像别的什么）,3：物体和文本一致","-1：提示文本规定了其他风格比如卡通风格时为-1，表示此问题作废,1：物体不是真实风格或形状纹理与真实物体有较大不同,2：物体是真实风格，但有一些形状或纹理缺陷，不够真实,3：物体非常真实，没有形状或纹理缺陷","-1：视频没有出现相关物体,1：完全不一致,2：相对一致（比如上方却不是正上方，或者整个视频不是都保持一致）,3：完全一致","-1：提示文本没有对物体进行形容限制，表示此问题作废,1：完全无关,2：物体包含一部分文本的形容或者无法完全匹配文本,3：完全一致","-1：文本的描述为非真实，此问题作废,1：完全不真实，不存在这样的该物体,2：逻辑上正确，但是不够真实,3：非常真实",
Motorcycle tire hitting a pothole and jolting,碰撞是否真实合理？,,,,,,"-1：没有碰撞,1：完全不真实,2：有一些异常,3：真实合理",,,,,
Hot air venting from an air fryer,气态（烟雾、水雾）运动是否真实合理？,,,,,,"-1：没有气态运动,1：完全不真实,2：有一些异常,3：真实合理",,,,,
A brown horse is on the right side of the frame.,物体是否和文本一致,物体是否真实,物体位置是否和文本一致？,物体属性是否和文本的形容一致,视频中的关于文本描述的属性是否表现真实合理？（在文本对物体的描述正常合理的情况下）,,"-1：文本没有指明任何物体，此问题作废,1：完全不一致（或完全没有出现文本描述的物体）,2：物体表现出了文本目标的特征（也像别的什么）,3：物体和文本一致","-1：提示文本规定了其他风格比如卡通风格时为-1，表示此问题作废,1：物体不是真实风格或形状纹理与真实物体有较大不同,2：物体是真实风格，但有一些形状或纹理缺陷，不够真实,3：物体非常真实，没有形状或纹理缺陷","-1：视频没有出现相关物体,1：完全不一致,2：相对一致（比如上方却不是正上方，或者整个视频不是都保持一致）,3：完全一致","-1：提示文本没有对物体进行形容限制，表示此问题作废,1：完全无关,2：物体包含一部分文本的形容或者无法完全匹配文本,3：完全一致","-1：文本的描述为非真实，此问题作废,1：完全不真实，不存在这样的该物体,2：逻辑上正确，但是不够真实,3：非常真实",
A red bicycle is in the bottom left corner of the frame.,物体是否和文本一致,物体是否真实,物体位置是否和文本一致？,物体属性是否和文本的形容一致,视频中的关于文本描述的属性是否表现真实合理？（在文本对物体的描述正常合理的情况下）,,"-1：文本没有指明任何物体，此问题作废,1：完全不一致（或完全没有出现文本描述的物体）,2：物体表现出了文本目标的特征（也像别的什么）,3：物体和文本一致","-1：提示文本规定了其他风格比如卡通风格时为-1，表示此问题作废,1：物体不是真实风格或形状纹理与真实物体有较大不同,2：物体是真实风格，但有一些形状或纹理缺陷，不够真实,3：物体非常真实，没有形状或纹理缺陷","-1：视频没有出现相关物体,1：完全不一致,2：相对一致（比如上方却不是正上方，或者整个视频不是都保持一致）,3：完全一致","-1：提示文本没有对物体进行形容限制，表示此问题作废,1：完全无关,2：物体包含一部分文本的形容或者无法完全匹配文本,3：完全一致","-1：文本的描述为非真实，此问题作废,1：完全不真实，不存在这样的该物体,2：逻辑上正确，但是不够真实,3：非常真实",
There is a wooden box on the table.,物体属性是否和文本的形容一致,视频中的关于文本描述的属性是否表现真实合理？（在文本对物体的描述正常合理的情况下）,物体是否和文本一致,物体是否真实,物体位置是否和文本一致？,,"-1：提示文本没有对物体进行形容限制，表示此问题作废,1：完全无关,2：物体包含一部分文本的形容或者无法完全匹配文本,3：完全一致","-1：文本的描述为非真实，此问题作废,1：完全不真实，不存在这样的该物体,2：逻辑上正确，但是不够真实,3：非常真实","-1：文本没有指明任何物体，此问题作废,1：完全不一致（或完全没有出现文本描述的物体）,2：物体表现出了文本目标的特征（也像别的什么）,3：物体和文本一致","-1：提示文本规定了其他风格比如卡通风格时为-1，表示此问题作废,1：物体不是真实风格或形状纹理与真实物体有较大不同,2：物体是真实风格，但有一些形状或纹理缺陷，不够真实,3：物体非常真实，没有形状或纹理缺陷","-1：视频没有出现相关物体,1：完全不一致,2：相对一致（比如上方却不是正上方，或者整个视频不是都保持一致）,3：完全一致",
A yellow bus is in the top right corner of the frame.,物体是否和文本一致,物体是否真实,物体位置是否和文本一致？,物体属性是否和文本的形容一致,视频中的关于文本描述的属性是否表现真实合理？（在文本对物体的描述正常合理的情况下）,,"-1：文本没有指明任何物体，此问题作废,1：完全不一致（或完全没有出现文本描述的物体）,2：物体表现出了文本目标的特征（也像别的什么）,3：物体和文本一致","-1：提示文本规定了其他风格比如卡通风格时为-1，表示此问题作废,1：物体不是真实风格或形状纹理与真实物体有较大不同,2：物体是真实风格，但有一些形状或纹理缺陷，不够真实,3：物体非常真实，没有形状或纹理缺陷","-1：视频没有出现相关物体,1：完全不一致,2：相对一致（比如上方却不是正上方，或者整个视频不是都保持一致）,3：完全一致","-1：提示文本没有对物体进行形容限制，表示此问题作废,1：完全无关,2：物体包含一部分文本的形容或者无法完全匹配文本,3：完全一致","-1：文本的描述为非真实，此问题作废,1：完全不真实，不存在这样的该物体,2：逻辑上正确，但是不够真实,3：非常真实",
human walking without touching the ground,文本中的非真实描述是否得到符合想象的呈现？,,,,,,"-1：没有出现文本中提到的非真实描述,1：完全不符合想象,2：部分符合想象，部分不符合,3：完全符合想象",,,,,
Mug falling and breaking upon hitting the floor,碰撞是否真实合理？,,,,,,"-1：没有碰撞,1：完全不真实,2：有一些异常,3：真实合理",,,,,
"An elderly man repairs a wooden bridge in the valley at dusk, positioned at the center of the frame, cloudy weather, normal speed, follow-cam shot.",视频内容整体是否真实？,视频内容整体是否和文本一致？,,,,,"1：完全不真实,2：极少部分真实,3：部分内容真实,4：大部分内容真实,5：完全真实","1：完全无关,2：极少数内容与文本一致,3：一半内容与文本一致,4：大部分内容与文本一致,5：完全一致",,,,
Plate hitting the table edge and shattering,碰撞是否真实合理？,,,,,,"-1：没有碰撞,1：完全不真实,2：有一些异常,3：真实合理",,,,,
Toy car hitting the wall and stopping,碰撞是否真实合理？,,,,,,"-1：没有碰撞,1：完全不真实,2：有一些异常,3：真实合理",,,,,
Phone hitting the tile floor and bouncing slightly,碰撞是否真实合理？,,,,,,"-1：没有碰撞,1：完全不真实,2：有一些异常,3：真实合理",,,,,
Bicycle wheel hitting the curb,碰撞是否真实合理？,,,,,,"-1：没有碰撞,1：完全不真实,2：有一些异常,3：真实合理",,,,,
Skateboard front wheel hitting a pebble and stopping,碰撞是否真实合理？,,,,,,"-1：没有碰撞,1：完全不真实,2：有一些异常,3：真实合理",,,,,
Yao Ming driving a car.,人物是否与文本一致？,动作是否和文本一致？,动作是否真实合理？,,,,"-1：文本没有提及人物形象,1：不一致,2：不完全一致,3：一致","-1：提示文本没有描述动作，表示此问题作废,1：完全不一致,2：目标动作未完成,3：完全一致（描述周期性动作时应当整个视频都一致，一次性动作应当完成）","-1：视频没有出现动作词或对动作的描述,1：完全不合理，现实中无法实现,2：符合逻辑，但不够真实,3：真实合理",,,
flying human baby,文本中的非真实描述是否得到符合想象的呈现？,,,,,,"-1：没有出现文本中提到的非真实描述,1：完全不符合想象,2：部分符合想象，部分不符合,3：完全符合想象",,,,,
Leonardo DiCaprio,人物是否与文本一致？,,,,,,"-1：文本没有提及人物形象,1：不一致,2：不完全一致,3：一致",,,,,
Car hitting a speed bump and shaking,碰撞是否真实合理？,,,,,,"-1：没有碰撞,1：完全不真实,2：有一些异常,3：真实合理",,,,,
"A long-haired woman sits by the café window, facing outward with a calm expression, wearing a red sweater and scarf, posture upright yet relaxed.",视频中人的生成质量如何？,,,,,,"-1：视频中没有出现人,1：质量非常差，勉强有人形,2：质量差，肢体扭曲,3：质量一般，有一些形变,4：质量好，仅有一些微小的不易察觉的异常,5：质量非常好，没有异常",,,,,
Apple rolling and hitting a table leg,碰撞是否真实合理？,,,,,,"-1：没有碰撞,1：完全不真实,2：有一些异常,3：真实合理",,,,,
"A woman raises her hand and waves at the center in daytime, slow motion.",视频速度是否与文本一致？,,,,,,"-1：文本没有提及视频速度,1：不一致,2：一致",,,,,
Soda can hitting the wall and denting,碰撞是否真实合理？,,,,,,"-1：没有碰撞,1：完全不真实,2：有一些异常,3：真实合理",,,,,
Bowling ball hitting pins,碰撞是否真实合理？,,,,,,"-1：没有碰撞,1：完全不真实,2：有一些异常,3：真实合理",,,,,
Ball hitting window glass and bouncing away,碰撞是否真实合理？,,,,,,"-1：没有碰撞,1：完全不真实,2：有一些异常,3：真实合理",,,,,
Morning mist drifting away with the breeze,气态（烟雾、水雾）运动是否真实合理？,,,,,,"-1：没有气态运动,1：完全不真实,2：有一些异常,3：真实合理",,,,,
Milk bottle hitting the ground and spilling milk,碰撞是否真实合理？,,,,,,"-1：没有碰撞,1：完全不真实,2：有一些异常,3：真实合理",,,,,
Steam rising from a hot lake,气态（烟雾、水雾）运动是否真实合理？,,,,,,"-1：没有气态运动,1：完全不真实,2：有一些异常,3：真实合理",,,,,
"A woman raises her hand and waves at the center in daytime, stop motion.",视频速度是否与文本一致？,,,,,,"-1：文本没有提及视频速度,1：不一致,2：一致",,,,,
Breath condensing in cold air,气态（烟雾、水雾）运动是否真实合理？,,,,,,"-1：没有气态运动,1：完全不真实,2：有一些异常,3：真实合理",,,,,
Vladimir Putin swimming.,人物是否与文本一致？,动作是否和文本一致？,动作是否真实合理？,,,,"-1：文本没有提及人物形象,1：不一致,2：不完全一致,3：一致","-1：提示文本没有描述动作，表示此问题作废,1：完全不一致,2：目标动作未完成,3：完全一致（描述周期性动作时应当整个视频都一致，一次性动作应当完成）","-1：视频没有出现动作词或对动作的描述,1：完全不合理，现实中无法实现,2：符合逻辑，但不够真实,3：真实合理",,,
"A young woman looks down at her phone on the balcony, with a clear face, body slightly leaning forward, showing a focused expression, wearing a white shirt and jeans, leaning against the right side of the railing.",视频中人的生成质量如何？,,,,,,"-1：视频中没有出现人,1：质量非常差，勉强有人形,2：质量差，肢体扭曲,3：质量一般，有一些形变,4：质量好，仅有一些微小的不易察觉的异常,5：质量非常好，没有异常",,,,,
Albert Einstein,人物是否与文本一致？,,,,,,"-1：文本没有提及人物形象,1：不一致,2：不完全一致,3：一致",,,,,
"A teenage boy jumps to shoot on the outdoor basketball court, face slightly frowning with effort, wearing a sleeveless jersey and shorts, his body suspended in front of the hoop.",视频中人的生成质量如何？,,,,,,"-1：视频中没有出现人,1：质量非常差，勉强有人形,2：质量差，肢体扭曲,3：质量一般，有一些形变,4：质量好，仅有一些微小的不易察觉的异常,5：质量非常好，没有异常",,,,,
object passing through walls,文本中的非真实描述是否得到符合想象的呈现？,,,,,,"-1：没有出现文本中提到的非真实描述,1：完全不符合想象,2：部分符合想象，部分不符合,3：完全符合想象",,,,,
Taylor Swift,人物是否与文本一致？,,,,,,"-1：文本没有提及人物形象,1：不一致,2：不完全一致,3：一致",,,,,
"With scattered fluffy clouds, pedestrians walk on the city bridge.",场景是否和文本一致？,场景是否真实,文本中提到的天气表现是否真实？,,,,"-1：提示文本没有提到场景，表示此问题作废,1：完全不一致,2：整个视频不完全是该场景或者是混合了其他场景,3：完全一致","-1：视频没有生成场景（纯色背景或者模糊无法识别的场景）或文本指示了非真实的场景,1：完全不真实,2：不够真实，能察觉到一些异常,3：非常真实，找不到异常","-1：没有出现文本中提到的天气,1：完全不真实,2：比较真实，但有瑕疵,3：非常真实",,,
Keys sliding from the desk into a drawer gap,物体运动轨迹是否真实合理？,,,,,,"-1：没有物体运动,1：完全不真实,2：有一些异常,3：真实合理",,,,,
Water pouring from kettle spout into a cup,流体运动是否真实合理？,,,,,,"-1：没有流体运动,1：完全不真实,2：有一些异常,3：真实合理",,,,,
"A young man holds a skateboard at the street corner, smiling slightly, with a casual posture, wearing a gray hoodie and sneakers, standing near the right side of the wall.",视频中人的生成质量如何？,,,,,,"-1：视频中没有出现人,1：质量非常差，勉强有人形,2：质量差，肢体扭曲,3：质量一般，有一些形变,4：质量好，仅有一些微小的不易察觉的异常,5：质量非常好，没有异常",,,,,
Cue stick striking the cue ball,碰撞是否真实合理？,,,,,,"-1：没有碰撞,1：完全不真实,2：有一些异常,3：真实合理",,,,,
Coffee slowly dripping from a filter cup,流体运动是否真实合理？,,,,,,"-1：没有流体运动,1：完全不真实,2：有一些异常,3：真实合理",,,,,
"A woman blows bubbles in the city square in the afternoon, positioned at the center of the frame, sunny weather, time-lapse, tracking shot.",视频内容整体是否真实？,视频内容整体是否和文本一致？,,,,,"1：完全不真实,2：极少部分真实,3：部分内容真实,4：大部分内容真实,5：完全真实","1：完全无关,2：极少数内容与文本一致,3：一半内容与文本一致,4：大部分内容与文本一致,5：完全一致",,,,
"A runner sprints along a park path in the early morning, face glistening with sweat, with a determined expression, wearing tight sportswear and running shoes, body leaning forward in motion.",视频中人的生成质量如何？,,,,,,"-1：视频中没有出现人,1：质量非常差，勉强有人形,2：质量差，肢体扭曲,3：质量一般，有一些形变,4：质量好，仅有一些微小的不易察觉的异常,5：质量非常好，没有异常",,,,,
Ping pong ball hitting the table corner and changing direction,碰撞是否真实合理？,,,,,,"-1：没有碰撞,1：完全不真实,2：有一些异常,3：真实合理",,,,,
"At the moment when the city lights turn on, customers chat in the café.",场景是否和文本一致？,场景是否真实,文本中提到的时间段表现是否真实合理？,,,,"-1：提示文本没有提到场景，表示此问题作废,1：完全不一致,2：整个视频不完全是该场景或者是混合了其他场景,3：完全一致","-1：视频没有生成场景（纯色背景或者模糊无法识别的场景）或文本指示了非真实的场景,1：完全不真实,2：不够真实，能察觉到一些异常,3：非常真实，找不到异常","-1：没有出现文本中提到的时间段,1：完全不真实,2：比较真实，但有瑕疵,3：非常真实",,,
"At the swimming pool, time-lapse shot of water ripples with a static camera.",场景是否和文本一致？,场景是否真实,视频速度是否与文本一致？,镜头移动是否和文本一致？,,,"-1：提示文本没有提到场景，表示此问题作废,1：完全不一致,2：整个视频不完全是该场景或者是混合了其他场景,3：完全一致","-1：视频没有生成场景（纯色背景或者模糊无法识别的场景）或文本指示了非真实的场景,1：完全不真实,2：不够真实，能察觉到一些异常,3：非常真实，找不到异常","-1：文本没有提及视频速度,1：不一致,2：一致","-1：文本没有描述镜头,1：不一致,2：一致",,
"In the blue hour, lights flicker outside the shopping mall.",场景是否和文本一致？,场景是否真实,文本中提到的时间段表现是否真实合理？,,,,"-1：提示文本没有提到场景，表示此问题作废,1：完全不一致,2：整个视频不完全是该场景或者是混合了其他场景,3：完全一致","-1：视频没有生成场景（纯色背景或者模糊无法识别的场景）或文本指示了非真实的场景,1：完全不真实,2：不够真实，能察觉到一些异常,3：非常真实，找不到异常","-1：没有出现文本中提到的时间段,1：完全不真实,2：比较真实，但有瑕疵,3：非常真实",,,
"During the golden hour, the market is bustling.",场景是否和文本一致？,场景是否真实,文本中提到的时间段表现是否真实合理？,,,,"-1：提示文本没有提到场景，表示此问题作废,1：完全不一致,2：整个视频不完全是该场景或者是混合了其他场景,3：完全一致","-1：视频没有生成场景（纯色背景或者模糊无法识别的场景）或文本指示了非真实的场景,1：完全不真实,2：不够真实，能察觉到一些异常,3：非常真实，找不到异常","-1：没有出现文本中提到的时间段,1：完全不真实,2：比较真实，但有瑕疵,3：非常真实",,,
E-scooter hitting a trash bin with a bang,碰撞是否真实合理？,,,,,,"-1：没有碰撞,1：完全不真实,2：有一些异常,3：真实合理",,,,,
Soccer ball hitting the goalpost and bouncing back,碰撞是否真实合理？,,,,,,"-1：没有碰撞,1：完全不真实,2：有一些异常,3：真实合理",,,,,
"In the deep night, the supermarket cashier arranges the shelves.",场景是否和文本一致？,场景是否真实,文本中提到的时间段表现是否真实合理？,,,,"-1：提示文本没有提到场景，表示此问题作废,1：完全不一致,2：整个视频不完全是该场景或者是混合了其他场景,3：完全一致","-1：视频没有生成场景（纯色背景或者模糊无法识别的场景）或文本指示了非真实的场景,1：完全不真实,2：不够真实，能察觉到一些异常,3：非常真实，找不到异常","-1：没有出现文本中提到的时间段,1：完全不真实,2：比较真实，但有瑕疵,3：非常真实",,,
"In the amusement park, fast motion shot of a spinning Ferris wheel with a zoom out.",场景是否和文本一致？,场景是否真实,视频速度是否与文本一致？,镜头移动是否和文本一致？,,,"-1：提示文本没有提到场景，表示此问题作废,1：完全不一致,2：整个视频不完全是该场景或者是混合了其他场景,3：完全一致","-1：视频没有生成场景（纯色背景或者模糊无法识别的场景）或文本指示了非真实的场景,1：完全不真实,2：不够真实，能察觉到一些异常,3：非常真实，找不到异常","-1：文本没有提及视频速度,1：不一致,2：一致","-1：文本没有描述镜头,1：不一致,2：一致",,
Jackie Chan,人物是否与文本一致？,,,,,,"-1：文本没有提及人物形象,1：不一致,2：不完全一致,3：一致",,,,,
A person running.,动作是否和文本一致？,动作是否真实合理？,视频中人的生成质量如何？,,,,"-1：提示文本没有描述动作，表示此问题作废,1：完全不一致,2：目标动作未完成,3：完全一致（描述周期性动作时应当整个视频都一致，一次性动作应当完成）","-1：视频没有出现动作词或对动作的描述,1：完全不合理，现实中无法实现,2：符合逻辑，但不够真实,3：真实合理","-1：视频中没有出现人,1：质量非常差，勉强有人形,2：质量差，肢体扭曲,3：质量一般，有一些形变,4：质量好，仅有一些微小的不易察觉的异常,5：质量非常好，没有异常",,,
Moonlight moving across the sheets as the moon rises,视频光影是否真实合理？,,,,,,"-1：没有明显光影,1：不真实,2：仔细分析能看出异常,3：真实合理",,,,,
Jack Ma riding a bicycle.,人物是否与文本一致？,动作是否和文本一致？,动作是否真实合理？,,,,"-1：文本没有提及人物形象,1：不一致,2：不完全一致,3：一致","-1：提示文本没有描述动作，表示此问题作废,1：完全不一致,2：目标动作未完成,3：完全一致（描述周期性动作时应当整个视频都一致，一次性动作应当完成）","-1：视频没有出现动作词或对动作的描述,1：完全不合理，现实中无法实现,2：符合逻辑，但不够真实,3：真实合理",,,
Marilyn Monroe,人物是否与文本一致？,,,,,,"-1：文本没有提及人物形象,1：不一致,2：不完全一致,3：一致",,,,,
Michael Jackson,人物是否与文本一致？,,,,,,"-1：文本没有提及人物形象,1：不一致,2：不完全一致,3：一致",,,,,
animals in suits having a meeting,文本中的非真实描述是否得到符合想象的呈现？,,,,,,"-1：没有出现文本中提到的非真实描述,1：完全不符合想象,2：部分符合想象，部分不符合,3：完全符合想象",,,,,
"On a bright and sunny day, vehicles speed along the highway.",场景是否和文本一致？,场景是否真实,文本中提到的天气表现是否真实？,,,,"-1：提示文本没有提到场景，表示此问题作废,1：完全不一致,2：整个视频不完全是该场景或者是混合了其他场景,3：完全一致","-1：视频没有生成场景（纯色背景或者模糊无法识别的场景）或文本指示了非真实的场景,1：完全不真实,2：不够真实，能察觉到一些异常,3：非常真实，找不到异常","-1：没有出现文本中提到的天气,1：完全不真实,2：比较真实，但有瑕疵,3：非常真实",,,
The shockwave from an explosion,气态（烟雾、水雾）运动是否真实合理？,,,,,,"-1：没有气态运动,1：完全不真实,2：有一些异常,3：真实合理",,,,,
"When it is partly cloudy, passengers queue to enter the subway station.",场景是否和文本一致？,场景是否真实,文本中提到的天气表现是否真实？,,,,"-1：提示文本没有提到场景，表示此问题作废,1：完全不一致,2：整个视频不完全是该场景或者是混合了其他场景,3：完全一致","-1：视频没有生成场景（纯色背景或者模糊无法识别的场景）或文本指示了非真实的场景,1：完全不真实,2：不够真实，能察觉到一些异常,3：非常真实，找不到异常","-1：没有出现文本中提到的天气,1：完全不真实,2：比较真实，但有瑕疵,3：非常真实",,,
dancing tree,文本中的非真实描述是否得到符合想象的呈现？,,,,,,"-1：没有出现文本中提到的非真实描述,1：完全不符合想象,2：部分符合想象，部分不符合,3：完全符合想象",,,,,
Dust kicked up by a racing car,气态（烟雾、水雾）运动是否真实合理？,,,,,,"-1：没有气态运动,1：完全不真实,2：有一些异常,3：真实合理",,,,,
"In moderate rain, passengers wait at the taxi stand.",场景是否和文本一致？,场景是否真实,文本中提到的天气表现是否真实？,,,,"-1：提示文本没有提到场景，表示此问题作废,1：完全不一致,2：整个视频不完全是该场景或者是混合了其他场景,3：完全一致","-1：视频没有生成场景（纯色背景或者模糊无法识别的场景）或文本指示了非真实的场景,1：完全不真实,2：不够真实，能察觉到一些异常,3：非常真实，找不到异常","-1：没有出现文本中提到的天气,1：完全不真实,2：比较真实，但有瑕疵,3：非常真实",,,
"A woman raises her hand and waves at the center in daytime, time-lapse.",视频速度是否与文本一致？,,,,,,"-1：文本没有提及视频速度,1：不一致,2：一致",,,,,
Basketball hitting the ground and rebounding,碰撞是否真实合理？,,,,,,"-1：没有碰撞,1：完全不真实,2：有一些异常,3：真实合理",,,,,
Wispy smoke curling upwards,气态（烟雾、水雾）运动是否真实合理？,,,,,,"-1：没有气态运动,1：完全不真实,2：有一些异常,3：真实合理",,,,,
"During light rain, someone returns a bike at the public bike station.",场景是否和文本一致？,场景是否真实,文本中提到的天气表现是否真实？,,,,"-1：提示文本没有提到场景，表示此问题作废,1：完全不一致,2：整个视频不完全是该场景或者是混合了其他场景,3：完全一致","-1：视频没有生成场景（纯色背景或者模糊无法识别的场景）或文本指示了非真实的场景,1：完全不真实,2：不够真实，能察觉到一些异常,3：非常真实，找不到异常","-1：没有出现文本中提到的天气,1：完全不真实,2：比较真实，但有瑕疵,3：非常真实",,,
"At high noon under the blazing sun, pedestrians hurry along the sidewalk.",场景是否和文本一致？,场景是否真实,文本中提到的时间段表现是否真实合理？,,,,"-1：提示文本没有提到场景，表示此问题作废,1：完全不一致,2：整个视频不完全是该场景或者是混合了其他场景,3：完全一致","-1：视频没有生成场景（纯色背景或者模糊无法识别的场景）或文本指示了非真实的场景,1：完全不真实,2：不够真实，能察觉到一些异常,3：非常真实，找不到异常","-1：没有出现文本中提到的时间段,1：完全不真实,2：比较真实，但有瑕疵,3：非常真实",,,
"At dusk before a storm, people queue at the bus stop.",场景是否和文本一致？,场景是否真实,文本中提到的时间段表现是否真实合理？,,,,"-1：提示文本没有提到场景，表示此问题作废,1：完全不一致,2：整个视频不完全是该场景或者是混合了其他场景,3：完全一致","-1：视频没有生成场景（纯色背景或者模糊无法识别的场景）或文本指示了非真实的场景,1：完全不真实,2：不够真实，能察觉到一些异常,3：非常真实，找不到异常","-1：没有出现文本中提到的时间段,1：完全不真实,2：比较真实，但有瑕疵,3：非常真实",,,
"At dusk before a storm, a delivery man pushes his bicycle forward.",文本中提到的时间段表现是否真实合理？,视频中人的生成质量如何？,场景是否和文本一致？,场景是否真实,动作是否和文本一致？,动作是否真实合理？,"-1：没有出现文本中提到的时间段,1：完全不真实,2：比较真实，但有瑕疵,3：非常真实","-1：视频中没有出现人,1：质量非常差，勉强有人形,2：质量差，肢体扭曲,3：质量一般，有一些形变,4：质量好，仅有一些微小的不易察觉的异常,5：质量非常好，没有异常","-1：提示文本没有提到场景，表示此问题作废,1：完全不一致,2：整个视频不完全是该场景或者是混合了其他场景,3：完全一致","-1：视频没有生成场景（纯色背景或者模糊无法识别的场景）或文本指示了非真实的场景,1：完全不真实,2：不够真实，能察觉到一些异常,3：非常真实，找不到异常","-1：提示文本没有描述动作，表示此问题作废,1：完全不一致,2：目标动作未完成,3：完全一致（描述周期性动作时应当整个视频都一致，一次性动作应当完成）","-1：视频没有出现动作词或对动作的描述,1：完全不合理，现实中无法实现,2：符合逻辑，但不够真实,3：真实合理"
"At midnight, passengers wait in the train station lounge.",场景是否和文本一致？,场景是否真实,文本中提到的时间段表现是否真实合理？,,,,"-1：提示文本没有提到场景，表示此问题作废,1：完全不一致,2：整个视频不完全是该场景或者是混合了其他场景,3：完全一致","-1：视频没有生成场景（纯色背景或者模糊无法识别的场景）或文本指示了非真实的场景,1：完全不真实,2：不够真实，能察觉到一些异常,3：非常真实，找不到异常","-1：没有出现文本中提到的时间段,1：完全不真实,2：比较真实，但有瑕疵,3：非常真实",,,
Bottle cap popping off and falling down,物体运动轨迹是否真实合理？,,,,,,"-1：没有物体运动,1：完全不真实,2：有一些异常,3：真实合理",,,,,
Water bottle falling from the bed to the floor,物体运动轨迹是否真实合理？,,,,,,"-1：没有物体运动,1：完全不真实,2：有一些异常,3：真实合理",,,,,
Clouds and mist weaving around mountains,气态（烟雾、水雾）运动是否真实合理？,,,,,,"-1：没有气态运动,1：完全不真实,2：有一些异常,3：真实合理",,,,,
A person walking.,动作是否和文本一致？,动作是否真实合理？,视频中人的生成质量如何？,,,,"-1：提示文本没有描述动作，表示此问题作废,1：完全不一致,2：目标动作未完成,3：完全一致（描述周期性动作时应当整个视频都一致，一次性动作应当完成）","-1：视频没有出现动作词或对动作的描述,1：完全不合理，现实中无法实现,2：符合逻辑，但不够真实,3：真实合理","-1：视频中没有出现人,1：质量非常差，勉强有人形,2：质量差，肢体扭曲,3：质量一般，有一些形变,4：质量好，仅有一些微小的不易察觉的异常,5：质量非常好，没有异常",,,
Audrey Hepburn,人物是否与文本一致？,,,,,,"-1：文本没有提及人物形象,1：不一致,2：不完全一致,3：一致",,,,,
person with two heads,文本中的非真实描述是否得到符合想象的呈现？,,,,,,"-1：没有出现文本中提到的非真实描述,1：完全不符合想象,2：部分符合想象，部分不符合,3：完全符合想象",,,,,
"Thick, billowing smoke",气态（烟雾、水雾）运动是否真实合理？,,,,,,"-1：没有气态运动,1：完全不真实,2：有一些异常,3：真实合理",,,,,
"A woman raises her hand and waves at the center in daytime, real-time.",视频速度是否与文本一致？,,,,,,"-1：文本没有提及视频速度,1：不一致,2：一致",,,,,
"A woman raises her hand and waves at the center in daytime, motion blur effect.",视频速度是否与文本一致？,,,,,,"-1：文本没有提及视频速度,1：不一致,2：一致",,,,,
Remote sliding off the sofa onto the carpet,物体运动轨迹是否真实合理？,,,,,,"-1：没有物体运动,1：完全不真实,2：有一些异常,3：真实合理",,,,,
"In the gym, real-time shot of a man lifting weights with a zoom in.",场景是否和文本一致？,场景是否真实,视频速度是否与文本一致？,镜头移动是否和文本一致？,,,"-1：提示文本没有提到场景，表示此问题作废,1：完全不一致,2：整个视频不完全是该场景或者是混合了其他场景,3：完全一致","-1：视频没有生成场景（纯色背景或者模糊无法识别的场景）或文本指示了非真实的场景,1：完全不真实,2：不够真实，能察觉到一些异常,3：非常真实，找不到异常","-1：文本没有提及视频速度,1：不一致,2：一致","-1：文本没有描述镜头,1：不一致,2：一致",,
"A chef chops carrots at the kitchen counter, with a focused face, wearing a white chef’s uniform and tall hat, body slightly leaning toward the ingredients.",视频中人的生成质量如何？,,,,,,"-1：视频中没有出现人,1：质量非常差，勉强有人形,2：质量差，肢体扭曲,3：质量一般，有一些形变,4：质量好，仅有一些微小的不易察觉的异常,5：质量非常好，没有异常",,,,,
Skateboard sliding down a ramp to flat ground,物体运动轨迹是否真实合理？,,,,,,"-1：没有物体运动,1：完全不真实,2：有一些异常,3：真实合理",,,,,
"In the early morning with mist, the street has few vehicles.",场景是否和文本一致？,场景是否真实,文本中提到的时间段表现是否真实合理？,,,,"-1：提示文本没有提到场景，表示此问题作废,1：完全不一致,2：整个视频不完全是该场景或者是混合了其他场景,3：完全一致","-1：视频没有生成场景（纯色背景或者模糊无法识别的场景）或文本指示了非真实的场景,1：完全不真实,2：不够真实，能察觉到一些异常,3：非常真实，找不到异常","-1：没有出现文本中提到的时间段,1：完全不真实,2：比较真实，但有瑕疵,3：非常真实",,,
Tennis ball flying over the net and falling down,物体运动轨迹是否真实合理？,,,,,,"-1：没有物体运动,1：完全不真实,2：有一些异常,3：真实合理",,,,,
Bicycle rolling downhill,物体运动轨迹是否真实合理？,,,,,,"-1：没有物体运动,1：完全不真实,2：有一些异常,3：真实合理",,,,,
"At dawn breaking, someone jogs in the park.",场景是否和文本一致？,场景是否真实,文本中提到的时间段表现是否真实合理？,,,,"-1：提示文本没有提到场景，表示此问题作废,1：完全不一致,2：整个视频不完全是该场景或者是混合了其他场景,3：完全一致","-1：视频没有生成场景（纯色背景或者模糊无法识别的场景）或文本指示了非真实的场景,1：完全不真实,2：不够真实，能察觉到一些异常,3：非常真实，找不到异常","-1：没有出现文本中提到的时间段,1：完全不真实,2：比较真实，但有瑕疵,3：非常真实",,,
Dice thrown onto the dining table,物体运动轨迹是否真实合理？,,,,,,"-1：没有物体运动,1：完全不真实,2：有一些异常,3：真实合理",,,,,
Banana,物体是否和文本一致,物体是否真实,,,,,"-1：文本没有指明任何物体，此问题作废,1：完全不一致（或完全没有出现文本描述的物体）,2：物体表现出了文本目标的特征（也像别的什么）,3：物体和文本一致","-1：提示文本规定了其他风格比如卡通风格时为-1，表示此问题作废,1：物体不是真实风格或形状纹理与真实物体有较大不同,2：物体是真实风格，但有一些形状或纹理缺陷，不够真实,3：物体非常真实，没有形状或纹理缺陷",,,,
"A woman raises her hand and waves at the center in daytime, reverse playback.",视频速度是否与文本一致？,,,,,,"-1：文本没有提及视频速度,1：不一致,2：一致",,,,,
Basketball thrown from hand into the hoop,物体运动轨迹是否真实合理？,,,,,,"-1：没有物体运动,1：完全不真实,2：有一些异常,3：真实合理",,,,,
Pencil rolling off the desk to the floor,物体运动轨迹是否真实合理？,,,,,,"-1：没有物体运动,1：完全不真实,2：有一些异常,3：真实合理",,,,,
Loose tire rolling far on the ground,物体运动轨迹是否真实合理？,,,,,,"-1：没有物体运动,1：完全不真实,2：有一些异常,3：真实合理",,,,,
"A woman raises her hand and waves at the center in daytime, frame removal effect.",视频速度是否与文本一致？,,,,,,"-1：文本没有提及视频速度,1：不一致,2：一致",,,,,
"In drizzly rain, pedestrians cross the intersection with umbrellas.",场景是否和文本一致？,场景是否真实,文本中提到的天气表现是否真实？,,,,"-1：提示文本没有提到场景，表示此问题作废,1：完全不一致,2：整个视频不完全是该场景或者是混合了其他场景,3：完全一致","-1：视频没有生成场景（纯色背景或者模糊无法识别的场景）或文本指示了非真实的场景,1：完全不真实,2：不够真实，能察觉到一些异常,3：非常真实，找不到异常","-1：没有出现文本中提到的天气,1：完全不真实,2：比较真实，但有瑕疵,3：非常真实",,,
"On an overcast day, cars wait for refueling at the gas station.",场景是否和文本一致？,场景是否真实,文本中提到的天气表现是否真实？,,,,"-1：提示文本没有提到场景，表示此问题作废,1：完全不一致,2：整个视频不完全是该场景或者是混合了其他场景,3：完全一致","-1：视频没有生成场景（纯色背景或者模糊无法识别的场景）或文本指示了非真实的场景,1：完全不真实,2：不够真实，能察觉到一些异常,3：非常真实，找不到异常","-1：没有出现文本中提到的天气,1：完全不真实,2：比较真实，但有瑕疵,3：非常真实",,,
Suitcase sliding along a slope to the roadside,物体运动轨迹是否真实合理？,,,,,,"-1：没有物体运动,1：完全不真实,2：有一些异常,3：真实合理",,,,,
Apple rolling from the table to the floor,物体运动轨迹是否真实合理？,,,,,,"-1：没有物体运动,1：完全不真实,2：有一些异常,3：真实合理",,,,,
Glass marble rolling down a slope,物体运动轨迹是否真实合理？,,,,,,"-1：没有物体运动,1：完全不真实,2：有一些异常,3：真实合理",,,,,
